avg_distance_to_Banks,avg_distance_to_Hospitals,avg_distance_to_Parks,avg_distance_to_Schools
4.93,5.75,4.50,3.74
4.16,5.16,3.75,3.14
4.16,5.16,3.75,3.14
4.16,5.16,3.75,3.14
4.16,5.16,3.75,3.14
4.16,5.16,3.75,3.14
4.16,5.16,3.75,3.14
4.16,5.16,3.75,3.14
4.16,5.16,3.75,3.14
4.16,5.16,3.75,3.14
4.16,5.16,3.75,3.14
4.16,5.16,3.75,3.14
4.16,5.16,3.75,3.14
4.16,5.16,3.75,3.14
4.16,5.16,3.75,3.14
4.16,5.16,3.75,3.14
4.16,5.16,3.75,3.14
4.16,5.16,3.75,3.14
3.57,4.85,3.10,2.39
3.57,4.85,3.10,2.39
3.57,4.85,3.10,2.39
3.57,4.85,3.10,2.39
3.57,4.85,3.10,2.39
3.57,4.85,3.10,2.39
3.57,4.85,3.10,2.39
3.57,4.85,3.10,2.39
3.57,4.85,3.10,2.39
3.57,4.85,3.10,2.39
3.57,4.85,3.10,2.39
3.57,4.85,3.10,2.39
3.57,4.85,3.10,2.39
3.57,4.85,3.10,2.39
3.57,4.85,3.10,2.39
3.57,4.85,3.10,2.39
3.57,4.85,3.10,2.39
3.57,4.85,3.10,2.39
3.57,4.85,3.10,2.39
3.57,4.85,3.10,2.39
3.57,4.85,3.10,2.39
3.57,4.85,3.10,2.39
3.57,4.85,3.10,2.39
3.57,4.85,3.10,2.39
3.57,4.85,3.10,2.39
3.57,4.85,3.10,2.39
3.57,4.85,3.10,2.39
3.57,4.85,3.10,2.39
3.57,4.85,3.10,2.39
3.57,4.85,3.10,2.39
2.89,4.37,2.39,2.01
2.89,4.37,2.39,2.01
2.89,4.37,2.39,2.01
2.89,4.37,2.39,2.01
2.89,4.37,2.39,2.01
2.89,4.37,2.39,2.01
2.89,4.37,2.39,2.01
2.89,4.37,2.39,2.01
2.89,4.37,2.39,2.01
2.89,4.37,2.39,2.01
2.89,4.37,2.39,2.01
2.89,4.37,2.39,2.01
2.89,4.37,2.39,2.01
2.89,4.37,2.39,2.01
2.89,4.37,2.39,2.01
2.89,4.37,2.39,2.01
2.89,4.37,2.39,2.01
2.89,4.37,2.39,2.01
2.89,4.37,2.39,2.01
2.89,4.37,2.39,2.01
2.89,4.37,2.39,2.01
2.89,4.37,2.39,2.01
2.89,4.37,2.39,2.01
2.89,4.37,2.39,2.01
2.89,4.37,2.39,2.01
2.89,4.37,2.39,2.01
2.89,4.37,2.39,2.01
2.89,4.37,2.39,2.01
2.89,4.37,2.39,2.01
2.89,4.37,2.39,2.01
2.89,4.37,2.39,2.01
2.89,4.37,2.39,2.01
2.89,4.37,2.39,2.01
2.89,4.37,2.39,2.01
2.89,4.37,2.39,2.01
2.89,4.37,2.39,2.01
2.89,4.37,2.39,2.01
2.89,4.37,2.39,2.01
2.89,4.37,2.39,2.01
2.89,4.37,2.39,2.01
2.89,4.37,2.39,2.01
2.89,4.37,2.39,2.01
2.89,4.37,2.39,2.01
2.89,4.37,2.39,2.01
2.89,4.37,2.39,2.01
2.89,4.37,2.39,2.01
2.89,4.37,2.39,2.01
2.89,4.37,2.39,2.01
2.89,4.37,2.39,2.01
2.89,4.37,2.39,2.01
2.89,4.37,2.39,2.01
2.89,4.37,2.39,2.01
2.89,4.37,2.39,2.01
2.89,4.37,2.39,2.01
2.89,4.37,2.39,2.01
2.89,4.37,2.39,2.01
2.89,4.37,2.39,2.01
2.89,4.37,2.39,2.01
2.89,4.37,2.39,2.01
2.89,4.37,2.39,2.01
2.89,4.37,2.39,2.01
2.89,4.37,2.39,2.01
2.89,4.37,2.39,2.01
2.89,4.37,2.39,2.01
2.89,4.37,2.39,2.01
2.89,4.37,2.39,2.01
2.89,4.37,2.39,2.01
2.89,4.37,2.39,2.01
2.89,4.37,2.39,2.01
2.89,4.37,2.39,2.01
2.89,4.37,2.39,2.01
2.89,4.37,2.39,2.01
2.89,4.37,2.39,2.01
2.89,4.37,2.39,2.01
2.89,4.37,2.39,2.01
2.89,4.37,2.39,2.01
2.89,4.37,2.39,2.01
2.89,4.37,2.39,2.01
2.89,4.37,2.39,2.01
2.89,4.37,2.39,2.01
2.89,4.37,2.39,2.01
2.89,4.37,2.39,2.01
2.89,4.37,2.39,2.01
2.89,4.37,2.39,2.01
2.89,4.37,2.39,2.01
2.89,4.37,2.39,2.01
2.89,4.37,2.39,2.01
2.89,4.37,2.39,2.01
2.89,4.37,2.39,2.01
2.89,4.37,2.39,2.01
2.89,4.37,2.39,2.01
2.89,4.37,2.39,2.01
2.89,4.37,2.39,2.01
2.89,4.37,2.39,2.01
2.89,4.37,2.39,2.01
2.89,4.37,2.39,2.01
2.89,4.37,2.39,2.01
2.89,4.37,2.39,2.01
2.89,4.37,2.39,2.01
2.89,4.37,2.39,2.01
2.89,4.37,2.39,2.01
2.89,4.37,2.39,2.01
2.89,4.37,2.39,2.01
2.89,4.37,2.39,2.01
2.89,4.37,2.39,2.01
2.89,4.37,2.39,2.01
2.89,4.37,2.39,2.01
2.89,4.37,2.39,2.01
2.89,4.37,2.39,2.01
2.89,4.37,2.39,2.01
2.89,4.37,2.39,2.01
2.89,4.37,2.39,2.01
2.89,4.37,2.39,2.01
2.89,4.37,2.39,2.01
2.89,4.37,2.39,2.01
2.89,4.37,2.39,2.01
2.89,4.37,2.39,2.01
2.89,4.37,2.39,2.01
2.89,4.37,2.39,2.01
2.89,4.37,2.39,2.01
2.89,4.37,2.39,2.01
2.89,4.37,2.39,2.01
2.89,4.37,2.39,2.01
2.89,4.37,2.39,2.01
2.89,4.37,2.39,2.01
2.89,4.37,2.39,2.01
2.89,4.37,2.39,2.01
2.89,4.37,2.39,2.01
2.89,4.37,2.39,2.01
2.89,4.37,2.39,2.01
2.89,4.37,2.39,2.01
2.89,4.37,2.39,2.01
2.89,4.37,2.39,2.01
2.89,4.37,2.39,2.01
2.89,4.37,2.39,2.01
2.89,4.37,2.39,2.01
2.89,4.37,2.39,2.01
2.89,4.37,2.39,2.01
2.89,4.37,2.39,2.01
2.89,4.37,2.39,2.01
2.89,4.37,2.39,2.01
2.89,4.37,2.39,2.01
2.89,4.37,2.39,2.01
2.89,4.37,2.39,2.01
2.89,4.37,2.39,2.01
2.89,4.37,2.39,2.01
2.89,4.37,2.39,2.01
2.89,4.37,2.39,2.01
2.89,4.37,2.39,2.01
2.89,4.37,2.39,2.01
2.89,4.37,2.39,2.01
2.89,4.37,2.39,2.01
2.89,4.37,2.39,2.01
2.89,4.37,2.39,2.01
2.89,4.37,2.39,2.01
2.89,4.37,2.39,2.01
2.89,4.37,2.39,2.01
2.89,4.37,2.39,2.01
2.89,4.37,2.39,2.01
2.89,4.37,2.39,2.01
2.89,4.37,2.39,2.01
2.89,4.37,2.39,2.01
2.89,4.37,2.39,2.01
2.89,4.37,2.39,2.01
2.89,4.37,2.39,2.01
2.89,4.37,2.39,2.01
2.89,4.37,2.39,2.01
2.89,4.37,2.39,2.01
2.89,4.37,2.39,2.01
2.89,4.37,2.39,2.01
2.89,4.37,2.39,2.01
2.89,4.37,2.39,2.01
2.89,4.37,2.39,2.01
2.89,4.37,2.39,2.01
2.89,4.37,2.39,2.01
2.89,4.37,2.39,2.01
2.89,4.37,2.39,2.01
2.89,4.37,2.39,2.01
2.89,4.37,2.39,2.01
2.89,4.37,2.39,2.01
2.89,4.37,2.39,2.01
2.89,4.37,2.39,2.01
2.89,4.37,2.39,2.01
2.89,4.37,2.39,2.01
2.89,4.37,2.39,2.01
2.89,4.37,2.39,2.01
2.89,4.37,2.39,2.01
2.89,4.37,2.39,2.01
2.89,4.37,2.39,2.01
2.89,4.37,2.39,2.01
2.89,4.37,2.39,2.01
2.89,4.37,2.39,2.01
2.89,4.37,2.39,2.01
2.89,4.37,2.39,2.01
2.89,4.37,2.39,2.01
2.89,4.37,2.39,2.01
2.89,4.37,2.39,2.01
2.89,4.37,2.39,2.01
2.89,4.37,2.39,2.01
2.89,4.37,2.39,2.01
2.89,4.37,2.39,2.01
2.89,4.37,2.39,2.01
2.89,4.37,2.39,2.01
2.89,4.37,2.39,2.01
2.89,4.37,2.39,2.01
2.89,4.37,2.39,2.01
2.89,4.37,2.39,2.01
2.89,4.37,2.39,2.01
2.89,4.37,2.39,2.01
2.89,4.37,2.39,2.01
2.89,4.37,2.39,2.01
2.89,4.37,2.39,2.01
2.89,4.37,2.39,2.01
2.89,4.37,2.39,2.01
2.89,4.37,2.39,2.01
2.89,4.37,2.39,2.01
2.89,4.37,2.39,2.01
2.89,4.37,2.39,2.01
2.89,4.37,2.39,2.01
2.89,4.37,2.39,2.01
2.89,4.37,2.39,2.01
2.89,4.37,2.39,2.01
2.89,4.37,2.39,2.01
2.89,4.37,2.39,2.01
2.89,4.37,2.39,2.01
2.89,4.37,2.39,2.01
2.89,4.37,2.39,2.01
2.37,4.08,1.94,1.52
2.37,4.08,1.94,1.52
2.37,4.08,1.94,1.52
2.37,4.08,1.94,1.52
2.37,4.08,1.94,1.52
2.37,4.08,1.94,1.52
2.37,4.08,1.94,1.52
2.37,4.08,1.94,1.52
2.37,4.08,1.94,1.52
2.37,4.08,1.94,1.52
2.37,4.08,1.94,1.52
2.37,4.08,1.94,1.52
2.37,4.08,1.94,1.52
2.37,4.08,1.94,1.52
2.37,4.08,1.94,1.52
2.37,4.08,1.94,1.52
2.37,4.08,1.94,1.52
2.37,4.08,1.94,1.52
2.37,4.08,1.94,1.52
2.37,4.08,1.94,1.52
2.37,4.08,1.94,1.52
2.37,4.08,1.94,1.52
2.37,4.08,1.94,1.52
2.37,4.08,1.94,1.52
2.37,4.08,1.94,1.52
2.37,4.08,1.94,1.52
2.37,4.08,1.94,1.52
2.37,4.08,1.94,1.52
2.37,4.08,1.94,1.52
2.37,4.08,1.94,1.52
2.37,4.08,1.94,1.52
2.37,4.08,1.94,1.52
2.37,4.08,1.94,1.52
2.37,4.08,1.94,1.52
2.37,4.08,1.94,1.52
2.37,4.08,1.94,1.52
2.37,4.08,1.94,1.52
2.37,4.08,1.94,1.52
2.37,4.08,1.94,1.52
2.37,4.08,1.94,1.52
2.37,4.08,1.94,1.52
2.37,4.08,1.94,1.52
2.37,4.08,1.94,1.52
2.37,4.08,1.94,1.52
2.37,4.08,1.94,1.52
2.37,4.08,1.94,1.52
2.37,4.08,1.94,1.52
2.37,4.08,1.94,1.52
2.37,4.08,1.94,1.52
2.37,4.08,1.94,1.52
2.37,4.08,1.94,1.52
2.37,4.08,1.94,1.52
2.37,4.08,1.94,1.52
2.37,4.08,1.94,1.52
2.37,4.08,1.94,1.52
2.37,4.08,1.94,1.52
2.37,4.08,1.94,1.52
2.37,4.08,1.94,1.52
2.37,4.08,1.94,1.52
2.37,4.08,1.94,1.52
2.37,4.08,1.94,1.52
2.37,4.08,1.94,1.52
2.37,4.08,1.94,1.52
2.37,4.08,1.94,1.52
2.37,4.08,1.94,1.52
2.37,4.08,1.94,1.52
2.37,4.08,1.94,1.52
2.37,4.08,1.94,1.52
2.37,4.08,1.94,1.52
2.37,4.08,1.94,1.52
2.37,4.08,1.94,1.52
2.37,4.08,1.94,1.52
2.37,4.08,1.94,1.52
2.37,4.08,1.94,1.52
2.37,4.08,1.94,1.52
2.37,4.08,1.94,1.52
2.37,4.08,1.94,1.52
2.37,4.08,1.94,1.52
2.37,4.08,1.94,1.52
2.37,4.08,1.94,1.52
2.37,4.08,1.94,1.52
2.37,4.08,1.94,1.52
2.37,4.08,1.94,1.52
2.37,4.08,1.94,1.52
2.37,4.08,1.94,1.52
2.37,4.08,1.94,1.52
2.37,4.08,1.94,1.52
2.37,4.08,1.94,1.52
2.37,4.08,1.94,1.52
2.37,4.08,1.94,1.52
2.37,4.08,1.94,1.52
2.37,4.08,1.94,1.52
2.37,4.08,1.94,1.52
2.37,4.08,1.94,1.52
2.37,4.08,1.94,1.52
2.37,4.08,1.94,1.52
2.37,4.08,1.94,1.52
2.37,4.08,1.94,1.52
2.37,4.08,1.94,1.52
2.37,4.08,1.94,1.52
2.37,4.08,1.94,1.52
2.37,4.08,1.94,1.52
2.37,4.08,1.94,1.52
2.37,4.08,1.94,1.52
2.37,4.08,1.94,1.52
2.37,4.08,1.94,1.52
2.37,4.08,1.94,1.52
2.37,4.08,1.94,1.52
2.37,4.08,1.94,1.52
2.37,4.08,1.94,1.52
2.37,4.08,1.94,1.52
2.37,4.08,1.94,1.52
2.37,4.08,1.94,1.52
2.37,4.08,1.94,1.52
2.37,4.08,1.94,1.52
2.37,4.08,1.94,1.52
2.37,4.08,1.94,1.52
2.37,4.08,1.94,1.52
2.37,4.08,1.94,1.52
2.37,4.08,1.94,1.52
2.37,4.08,1.94,1.52
2.37,4.08,1.94,1.52
2.37,4.08,1.94,1.52
2.37,4.08,1.94,1.52
2.37,4.08,1.94,1.52
2.37,4.08,1.94,1.52
2.37,4.08,1.94,1.52
2.37,4.08,1.94,1.52
2.37,4.08,1.94,1.52
2.37,4.08,1.94,1.52
2.37,4.08,1.94,1.52
2.37,4.08,1.94,1.52
2.37,4.08,1.94,1.52
2.37,4.08,1.94,1.52
2.37,4.08,1.94,1.52
2.37,4.08,1.94,1.52
2.37,4.08,1.94,1.52
2.37,4.08,1.94,1.52
2.37,4.08,1.94,1.52
2.37,4.08,1.94,1.52
2.37,4.08,1.94,1.52
2.37,4.08,1.94,1.52
2.37,4.08,1.94,1.52
2.37,4.08,1.94,1.52
2.37,4.08,1.94,1.52
2.37,4.08,1.94,1.52
2.37,4.08,1.94,1.52
2.37,4.08,1.94,1.52
2.37,4.08,1.94,1.52
2.37,4.08,1.94,1.52
2.37,4.08,1.94,1.52
2.37,4.08,1.94,1.52
2.37,4.08,1.94,1.52
2.37,4.08,1.94,1.52
2.37,4.08,1.94,1.52
2.37,4.08,1.94,1.52
2.37,4.08,1.94,1.52
2.37,4.08,1.94,1.52
2.37,4.08,1.94,1.52
2.37,4.08,1.94,1.52
2.37,4.08,1.94,1.52
2.37,4.08,1.94,1.52
2.37,4.08,1.94,1.52
2.37,4.08,1.94,1.52
2.37,4.08,1.94,1.52
2.37,4.08,1.94,1.52
2.37,4.08,1.94,1.52
2.37,4.08,1.94,1.52
2.37,4.08,1.94,1.52
2.37,4.08,1.94,1.52
2.37,4.08,1.94,1.52
2.37,4.08,1.94,1.52
2.37,4.08,1.94,1.52
2.37,4.08,1.94,1.52
2.37,4.08,1.94,1.52
2.37,4.08,1.94,1.52
2.37,4.08,1.94,1.52
2.37,4.08,1.94,1.52
2.37,4.08,1.94,1.52
2.37,4.08,1.94,1.52
2.37,4.08,1.94,1.52
2.37,4.08,1.94,1.52
2.37,4.08,1.94,1.52
2.37,4.08,1.94,1.52
2.37,4.08,1.94,1.52
2.37,4.08,1.94,1.52
2.37,4.08,1.94,1.52
2.37,4.08,1.94,1.52
2.37,4.08,1.94,1.52
2.37,4.08,1.94,1.52
2.37,4.08,1.94,1.52
2.37,4.08,1.94,1.52
2.37,4.08,1.94,1.52
2.37,4.08,1.94,1.52
2.37,4.08,1.94,1.52
2.37,4.08,1.94,1.52
2.37,4.08,1.94,1.52
2.37,4.08,1.94,1.52
2.37,4.08,1.94,1.52
2.37,4.08,1.94,1.52
2.37,4.08,1.94,1.52
2.37,4.08,1.94,1.52
2.37,4.08,1.94,1.52
2.37,4.08,1.94,1.52
2.37,4.08,1.94,1.52
2.37,4.08,1.94,1.52
2.37,4.08,1.94,1.52
2.37,4.08,1.94,1.52
2.37,4.08,1.94,1.52
2.37,4.08,1.94,1.52
2.37,4.08,1.94,1.52
2.37,4.08,1.94,1.52
2.37,4.08,1.94,1.52
2.37,4.08,1.94,1.52
2.37,4.08,1.94,1.52
2.37,4.08,1.94,1.52
2.37,4.08,1.94,1.52
2.37,4.08,1.94,1.52
2.37,4.08,1.94,1.52
2.37,4.08,1.94,1.52
2.37,4.08,1.94,1.52
2.37,4.08,1.94,1.52
2.37,4.08,1.94,1.52
2.37,4.08,1.94,1.52
2.37,4.08,1.94,1.52
2.37,4.08,1.94,1.52
2.37,4.08,1.94,1.52
2.37,4.08,1.94,1.52
2.37,4.08,1.94,1.52
2.37,4.08,1.94,1.52
2.37,4.08,1.94,1.52
2.37,4.08,1.94,1.52
2.37,4.08,1.94,1.52
2.37,4.08,1.94,1.52
2.37,4.08,1.94,1.52
2.37,4.08,1.94,1.52
2.37,4.08,1.94,1.52
2.37,4.08,1.94,1.52
2.37,4.08,1.94,1.52
2.37,4.08,1.94,1.52
2.37,4.08,1.94,1.52
2.37,4.08,1.94,1.52
2.37,4.08,1.94,1.52
2.37,4.08,1.94,1.52
2.37,4.08,1.94,1.52
2.37,4.08,1.94,1.52
2.37,4.08,1.94,1.52
2.37,4.08,1.94,1.52
2.37,4.08,1.94,1.52
2.37,4.08,1.94,1.52
2.37,4.08,1.94,1.52
2.37,4.08,1.94,1.52
2.37,4.08,1.94,1.52
2.37,4.08,1.94,1.52
2.37,4.08,1.94,1.52
2.37,4.08,1.94,1.52
2.37,4.08,1.94,1.52
2.37,4.08,1.94,1.52
2.37,4.08,1.94,1.52
2.37,4.08,1.94,1.52
2.37,4.08,1.94,1.52
2.37,4.08,1.94,1.52
2.37,4.08,1.94,1.52
2.37,4.08,1.94,1.52
2.37,4.08,1.94,1.52
2.37,4.08,1.94,1.52
2.37,4.08,1.94,1.52
2.37,4.08,1.94,1.52
2.37,4.08,1.94,1.52
2.37,4.08,1.94,1.52
2.37,4.08,1.94,1.52
2.37,4.08,1.94,1.52
2.37,4.08,1.94,1.52
2.37,4.08,1.94,1.52
2.37,4.08,1.94,1.52
2.37,4.08,1.94,1.52
2.37,4.08,1.94,1.52
2.37,4.08,1.94,1.52
2.37,4.08,1.94,1.52
2.37,4.08,1.94,1.52
2.37,4.08,1.94,1.52
2.37,4.08,1.94,1.52
2.37,4.08,1.94,1.52
2.37,4.08,1.94,1.52
2.37,4.08,1.94,1.52
2.37,4.08,1.94,1.52
2.37,4.08,1.94,1.52
2.37,4.08,1.94,1.52
2.37,4.08,1.94,1.52
2.37,4.08,1.94,1.52
2.37,4.08,1.94,1.52
2.37,4.08,1.94,1.52
2.37,4.08,1.94,1.52
2.37,4.08,1.94,1.52
2.37,4.08,1.94,1.52
2.37,4.08,1.94,1.52
2.37,4.08,1.94,1.52
2.37,4.08,1.94,1.52
2.37,4.08,1.94,1.52
2.37,4.08,1.94,1.52
2.37,4.08,1.94,1.52
2.37,4.08,1.94,1.52
2.37,4.08,1.94,1.52
2.37,4.08,1.94,1.52
2.37,4.08,1.94,1.52
2.37,4.08,1.94,1.52
2.37,4.08,1.94,1.52
2.37,4.08,1.94,1.52
2.37,4.08,1.94,1.52
2.37,4.08,1.94,1.52
2.37,4.08,1.94,1.52
2.37,4.08,1.94,1.52
2.37,4.08,1.94,1.52
2.37,4.08,1.94,1.52
2.37,4.08,1.94,1.52
2.37,4.08,1.94,1.52
2.37,4.08,1.94,1.52
2.37,4.08,1.94,1.52
2.37,4.08,1.94,1.52
2.37,4.08,1.94,1.52
2.37,4.08,1.94,1.52
2.37,4.08,1.94,1.52
2.37,4.08,1.94,1.52
2.37,4.08,1.94,1.52
2.37,4.08,1.94,1.52
2.37,4.08,1.94,1.52
2.37,4.08,1.94,1.52
2.37,4.08,1.94,1.52
2.37,4.08,1.94,1.52
2.37,4.08,1.94,1.52
2.37,4.08,1.94,1.52
2.37,4.08,1.94,1.52
2.37,4.08,1.94,1.52
2.37,4.08,1.94,1.52
2.37,4.08,1.94,1.52
2.37,4.08,1.94,1.52
2.37,4.08,1.94,1.52
2.37,4.08,1.94,1.52
2.37,4.08,1.94,1.52
2.37,4.08,1.94,1.52
2.37,4.08,1.94,1.52
2.37,4.08,1.94,1.52
2.37,4.08,1.94,1.52
2.37,4.08,1.94,1.52
2.37,4.08,1.94,1.52
2.37,4.08,1.94,1.52
2.37,4.08,1.94,1.52
2.37,4.08,1.94,1.52
2.37,4.08,1.94,1.52
2.37,4.08,1.94,1.52
2.37,4.08,1.94,1.52
2.37,4.08,1.94,1.52
2.37,4.08,1.94,1.52
2.37,4.08,1.94,1.52
2.37,4.08,1.94,1.52
2.37,4.08,1.94,1.52
2.37,4.08,1.94,1.52
2.37,4.08,1.94,1.52
2.37,4.08,1.94,1.52
2.37,4.08,1.94,1.52
2.37,4.08,1.94,1.52
2.37,4.08,1.94,1.52
2.37,4.08,1.94,1.52
2.37,4.08,1.94,1.52
2.37,4.08,1.94,1.52
2.37,4.08,1.94,1.52
2.37,4.08,1.94,1.52
2.37,4.08,1.94,1.52
2.37,4.08,1.94,1.52
2.37,4.08,1.94,1.52
2.37,4.08,1.94,1.52
2.37,4.08,1.94,1.52
2.37,4.08,1.94,1.52
2.37,4.08,1.94,1.52
2.37,4.08,1.94,1.52
2.37,4.08,1.94,1.52
2.37,4.08,1.94,1.52
2.37,4.08,1.94,1.52
2.37,4.08,1.94,1.52
2.37,4.08,1.94,1.52
2.37,4.08,1.94,1.52
2.37,4.08,1.94,1.52
2.37,4.08,1.94,1.52
2.37,4.08,1.94,1.52
2.37,4.08,1.94,1.52
2.37,4.08,1.94,1.52
2.37,4.08,1.94,1.52
2.37,4.08,1.94,1.52
2.37,4.08,1.94,1.52
2.37,4.08,1.94,1.52
2.37,4.08,1.94,1.52
2.37,4.08,1.94,1.52
2.37,4.08,1.94,1.52
2.37,4.08,1.94,1.52
2.37,4.08,1.94,1.52
2.37,4.08,1.94,1.52
2.37,4.08,1.94,1.52
2.37,4.08,1.94,1.52
2.37,4.08,1.94,1.52
2.37,4.08,1.94,1.52
2.37,4.08,1.94,1.52
2.37,4.08,1.94,1.52
2.37,4.08,1.94,1.52
2.37,4.08,1.94,1.52
2.37,4.08,1.94,1.52
2.37,4.08,1.94,1.52
2.37,4.08,1.94,1.52
2.37,4.08,1.94,1.52
2.37,4.08,1.94,1.52
2.37,4.08,1.94,1.52
2.37,4.08,1.94,1.52
2.37,4.08,1.94,1.52
2.37,4.08,1.94,1.52
2.37,4.08,1.94,1.52
2.37,4.08,1.94,1.52
2.37,4.08,1.94,1.52
2.37,4.08,1.94,1.52
2.37,4.08,1.94,1.52
2.37,4.08,1.94,1.52
2.37,4.08,1.94,1.52
2.37,4.08,1.94,1.52
2.37,4.08,1.94,1.52
2.37,4.08,1.94,1.52
2.37,4.08,1.94,1.52
2.37,4.08,1.94,1.52
2.37,4.08,1.94,1.52
2.37,4.08,1.94,1.52
2.37,4.08,1.94,1.52
2.37,4.08,1.94,1.52
2.37,4.08,1.94,1.52
2.37,4.08,1.94,1.52
2.37,4.08,1.94,1.52
2.37,4.08,1.94,1.52
2.37,4.08,1.94,1.52
2.37,4.08,1.94,1.52
2.37,4.08,1.94,1.52
2.37,4.08,1.94,1.52
2.37,4.08,1.94,1.52
2.37,4.08,1.94,1.52
2.37,4.08,1.94,1.52
2.37,4.08,1.94,1.52
2.37,4.08,1.94,1.52
2.37,4.08,1.94,1.52
2.37,4.08,1.94,1.52
2.37,4.08,1.94,1.52
2.37,4.08,1.94,1.52
2.37,4.08,1.94,1.52
2.37,4.08,1.94,1.52
2.37,4.08,1.94,1.52
2.37,4.08,1.94,1.52
2.37,4.08,1.94,1.52
2.37,4.08,1.94,1.52
2.37,4.08,1.94,1.52
2.37,4.08,1.94,1.52
2.37,4.08,1.94,1.52
2.37,4.08,1.94,1.52
2.37,4.08,1.94,1.52
2.37,4.08,1.94,1.52
2.37,4.08,1.94,1.52
2.37,4.08,1.94,1.52
2.37,4.08,1.94,1.52
2.37,4.08,1.94,1.52
2.37,4.08,1.94,1.52
2.37,4.08,1.94,1.52
2.37,4.08,1.94,1.52
2.37,4.08,1.94,1.52
2.37,4.08,1.94,1.52
2.37,4.08,1.94,1.52
2.37,4.08,1.94,1.52
2.37,4.08,1.94,1.52
2.37,4.08,1.94,1.52
2.37,4.08,1.94,1.52
2.37,4.08,1.94,1.52
2.37,4.08,1.94,1.52
2.37,4.08,1.94,1.52
2.37,4.08,1.94,1.52
2.37,4.08,1.94,1.52
2.37,4.08,1.94,1.52
2.37,4.08,1.94,1.52
2.37,4.08,1.94,1.52
2.37,4.08,1.94,1.52
2.37,4.08,1.94,1.52
2.37,4.08,1.94,1.52
2.37,4.08,1.94,1.52
2.37,4.08,1.94,1.52
2.37,4.08,1.94,1.52
2.37,4.08,1.94,1.52
2.37,4.08,1.94,1.52
2.37,4.08,1.94,1.52
2.37,4.08,1.94,1.52
2.37,4.08,1.94,1.52
2.37,4.08,1.94,1.52
2.37,4.08,1.94,1.52
2.37,4.08,1.94,1.52
2.37,4.08,1.94,1.52
2.37,4.08,1.94,1.52
2.37,4.08,1.94,1.52
2.37,4.08,1.94,1.52
2.37,4.08,1.94,1.52
2.37,4.08,1.94,1.52
2.37,4.08,1.94,1.52
2.37,4.08,1.94,1.52
2.37,4.08,1.94,1.52
2.37,4.08,1.94,1.52
2.37,4.08,1.94,1.52
2.37,4.08,1.94,1.52
2.37,4.08,1.94,1.52
2.37,4.08,1.94,1.52
2.37,4.08,1.94,1.52
2.37,4.08,1.94,1.52
2.37,4.08,1.94,1.52
2.37,4.08,1.94,1.52
2.37,4.08,1.94,1.52
2.37,4.08,1.94,1.52
2.37,4.08,1.94,1.52
2.37,4.08,1.94,1.52
2.37,4.08,1.94,1.52
2.37,4.08,1.94,1.52
2.37,4.08,1.94,1.52
2.37,4.08,1.94,1.52
2.37,4.08,1.94,1.52
2.37,4.08,1.94,1.52
2.37,4.08,1.94,1.52
2.37,4.08,1.94,1.52
2.37,4.08,1.94,1.52
2.37,4.08,1.94,1.52
2.37,4.08,1.94,1.52
2.37,4.08,1.94,1.52
2.37,4.08,1.94,1.52
2.37,4.08,1.94,1.52
2.37,4.08,1.94,1.52
2.37,4.08,1.94,1.52
2.37,4.08,1.94,1.52
2.37,4.08,1.94,1.52
2.37,4.08,1.94,1.52
2.37,4.08,1.94,1.52
2.37,4.08,1.94,1.52
2.37,4.08,1.94,1.52
2.37,4.08,1.94,1.52
2.37,4.08,1.94,1.52
2.37,4.08,1.94,1.52
2.37,4.08,1.94,1.52
2.37,4.08,1.94,1.52
2.37,4.08,1.94,1.52
2.37,4.08,1.94,1.52
2.37,4.08,1.94,1.52
2.37,4.08,1.94,1.52
2.37,4.08,1.94,1.52
2.37,4.08,1.94,1.52
2.37,4.08,1.94,1.52
2.37,4.08,1.94,1.52
2.37,4.08,1.94,1.52
2.37,4.08,1.94,1.52
2.37,4.08,1.94,1.52
2.37,4.08,1.94,1.52
2.37,4.08,1.94,1.52
2.37,4.08,1.94,1.52
2.37,4.08,1.94,1.52
2.37,4.08,1.94,1.52
2.37,4.08,1.94,1.52
2.37,4.08,1.94,1.52
2.37,4.08,1.94,1.52
2.37,4.08,1.94,1.52
2.37,4.08,1.94,1.52
2.37,4.08,1.94,1.52
2.37,4.08,1.94,1.52
2.37,4.08,1.94,1.52
2.37,4.08,1.94,1.52
2.37,4.08,1.94,1.52
2.37,4.08,1.94,1.52
2.37,4.08,1.94,1.52
2.37,4.08,1.94,1.52
2.37,4.08,1.94,1.52
2.37,4.08,1.94,1.52
2.37,4.08,1.94,1.52
2.03,3.99,1.70,1.19
2.03,3.99,1.70,1.19
2.03,3.99,1.70,1.19
2.03,3.99,1.70,1.19
2.03,3.99,1.70,1.19
2.03,3.99,1.70,1.19
2.03,3.99,1.70,1.19
2.03,3.99,1.70,1.19
2.03,3.99,1.70,1.19
2.03,3.99,1.70,1.19
2.03,3.99,1.70,1.19
2.03,3.99,1.70,1.19
2.03,3.99,1.70,1.19
2.03,3.99,1.70,1.19
2.03,3.99,1.70,1.19
2.03,3.99,1.70,1.19
2.03,3.99,1.70,1.19
2.03,3.99,1.70,1.19
2.03,3.99,1.70,1.19
2.03,3.99,1.70,1.19
2.03,3.99,1.70,1.19
2.03,3.99,1.70,1.19
2.03,3.99,1.70,1.19
2.03,3.99,1.70,1.19
2.03,3.99,1.70,1.19
2.03,3.99,1.70,1.19
2.03,3.99,1.70,1.19
2.03,3.99,1.70,1.19
2.03,3.99,1.70,1.19
2.03,3.99,1.70,1.19
2.03,3.99,1.70,1.19
2.03,3.99,1.70,1.19
2.03,3.99,1.70,1.19
2.03,3.99,1.70,1.19
2.03,3.99,1.70,1.19
2.03,3.99,1.70,1.19
2.03,3.99,1.70,1.19
2.03,3.99,1.70,1.19
2.03,3.99,1.70,1.19
2.03,3.99,1.70,1.19
2.03,3.99,1.70,1.19
2.03,3.99,1.70,1.19
2.03,3.99,1.70,1.19
2.03,3.99,1.70,1.19
2.03,3.99,1.70,1.19
2.03,3.99,1.70,1.19
2.03,3.99,1.70,1.19
2.03,3.99,1.70,1.19
2.03,3.99,1.70,1.19
2.03,3.99,1.70,1.19
2.03,3.99,1.70,1.19
2.03,3.99,1.70,1.19
2.03,3.99,1.70,1.19
2.03,3.99,1.70,1.19
2.03,3.99,1.70,1.19
2.03,3.99,1.70,1.19
2.03,3.99,1.70,1.19
2.03,3.99,1.70,1.19
2.03,3.99,1.70,1.19
2.03,3.99,1.70,1.19
2.03,3.99,1.70,1.19
2.03,3.99,1.70,1.19
2.03,3.99,1.70,1.19
2.03,3.99,1.70,1.19
2.03,3.99,1.70,1.19
2.03,3.99,1.70,1.19
2.03,3.99,1.70,1.19
2.03,3.99,1.70,1.19
2.03,3.99,1.70,1.19
2.03,3.99,1.70,1.19
2.03,3.99,1.70,1.19
2.03,3.99,1.70,1.19
2.03,3.99,1.70,1.19
2.03,3.99,1.70,1.19
2.03,3.99,1.70,1.19
2.03,3.99,1.70,1.19
2.03,3.99,1.70,1.19
2.03,3.99,1.70,1.19
2.03,3.99,1.70,1.19
2.03,3.99,1.70,1.19
2.03,3.99,1.70,1.19
2.03,3.99,1.70,1.19
2.03,3.99,1.70,1.19
2.03,3.99,1.70,1.19
2.03,3.99,1.70,1.19
2.03,3.99,1.70,1.19
2.03,3.99,1.70,1.19
2.03,3.99,1.70,1.19
2.03,3.99,1.70,1.19
2.03,3.99,1.70,1.19
2.03,3.99,1.70,1.19
2.03,3.99,1.70,1.19
2.03,3.99,1.70,1.19
2.03,3.99,1.70,1.19
2.03,3.99,1.70,1.19
2.03,3.99,1.70,1.19
2.03,3.99,1.70,1.19
1.69,3.84,1.29,1.50
1.69,3.84,1.29,1.50
1.69,3.84,1.29,1.50
1.69,3.84,1.29,1.50
1.69,3.84,1.29,1.50
1.69,3.84,1.29,1.50
1.69,3.84,1.29,1.50
1.69,3.84,1.29,1.50
1.69,3.84,1.29,1.50
1.69,3.84,1.29,1.50
1.69,3.84,1.29,1.50
1.69,3.84,1.29,1.50
1.69,3.84,1.29,1.50
1.69,3.84,1.29,1.50
1.69,3.84,1.29,1.50
1.69,3.84,1.29,1.50
1.69,3.84,1.29,1.50
1.69,3.84,1.29,1.50
1.69,3.84,1.29,1.50
1.69,3.84,1.29,1.50
1.69,3.84,1.29,1.50
1.69,3.84,1.29,1.50
1.69,3.84,1.29,1.50
1.69,3.84,1.29,1.50
1.69,3.84,1.29,1.50
1.69,3.84,1.29,1.50
1.69,3.84,1.29,1.50
1.69,3.84,1.29,1.50
1.69,3.84,1.29,1.50
1.69,3.84,1.29,1.50
1.69,3.84,1.29,1.50
1.69,3.84,1.29,1.50
1.69,3.84,1.29,1.50
1.69,3.84,1.29,1.50
1.69,3.84,1.29,1.50
1.69,3.84,1.29,1.50
1.69,3.84,1.29,1.50
1.69,3.84,1.29,1.50
1.69,3.84,1.29,1.50
1.69,3.84,1.29,1.50
1.69,3.84,1.29,1.50
1.69,3.84,1.29,1.50
1.69,3.84,1.29,1.50
1.69,3.84,1.29,1.50
1.69,3.84,1.29,1.50
1.69,3.84,1.29,1.50
1.69,3.84,1.29,1.50
1.69,3.84,1.29,1.50
1.69,3.84,1.29,1.50
1.69,3.84,1.29,1.50
1.69,3.84,1.29,1.50
1.69,3.84,1.29,1.50
1.69,3.84,1.29,1.50
1.69,3.84,1.29,1.50
1.69,3.84,1.29,1.50
1.69,3.84,1.29,1.50
1.69,3.84,1.29,1.50
1.69,3.84,1.29,1.50
1.69,3.84,1.29,1.50
1.69,3.84,1.29,1.50
1.69,3.84,1.29,1.50
1.69,3.84,1.29,1.50
1.69,3.84,1.29,1.50
1.69,3.84,1.29,1.50
1.69,3.84,1.29,1.50
1.69,3.84,1.29,1.50
1.69,3.84,1.29,1.50
1.69,3.84,1.29,1.50
1.69,3.84,1.29,1.50
1.69,3.84,1.29,1.50
1.69,3.84,1.29,1.50
1.69,3.84,1.29,1.50
1.69,3.84,1.29,1.50
1.69,3.84,1.29,1.50
1.69,3.84,1.29,1.50
1.69,3.84,1.29,1.50
1.69,3.84,1.29,1.50
1.69,3.84,1.29,1.50
1.69,3.84,1.29,1.50
1.69,3.84,1.29,1.50
1.69,3.84,1.29,1.50
1.69,3.84,1.29,1.50
1.69,3.84,1.29,1.50
1.69,3.84,1.29,1.50
1.69,3.84,1.29,1.50
1.69,3.84,1.29,1.50
1.69,3.84,1.29,1.50
1.69,3.84,1.29,1.50
1.69,3.84,1.29,1.50
1.69,3.84,1.29,1.50
1.69,3.84,1.29,1.50
1.69,3.84,1.29,1.50
1.69,3.84,1.29,1.50
1.69,3.84,1.29,1.50
1.69,3.84,1.29,1.50
1.69,3.84,1.29,1.50
1.69,3.84,1.29,1.50
1.69,3.84,1.29,1.50
1.69,3.84,1.29,1.50
1.69,3.84,1.29,1.50
1.69,3.84,1.29,1.50
1.69,3.84,1.29,1.50
1.69,3.84,1.29,1.50
1.69,3.84,1.29,1.50
1.69,3.84,1.29,1.50
1.69,3.84,1.29,1.50
1.69,3.84,1.29,1.50
1.69,3.84,1.29,1.50
1.69,3.84,1.29,1.50
1.69,3.84,1.29,1.50
1.69,3.84,1.29,1.50
1.69,3.84,1.29,1.50
1.69,3.84,1.29,1.50
1.69,3.84,1.29,1.50
1.69,3.84,1.29,1.50
1.69,3.84,1.29,1.50
1.69,3.84,1.29,1.50
1.69,3.84,1.29,1.50
1.69,3.84,1.29,1.50
1.69,3.84,1.29,1.50
1.69,3.84,1.29,1.50
1.69,3.84,1.29,1.50
1.69,3.84,1.29,1.50
1.69,3.84,1.29,1.50
1.69,3.84,1.29,1.50
1.69,3.84,1.29,1.50
1.69,3.84,1.29,1.50
1.69,3.84,1.29,1.50
1.69,3.84,1.29,1.50
1.69,3.84,1.29,1.50
1.69,3.84,1.29,1.50
1.69,3.84,1.29,1.50
1.69,3.84,1.29,1.50
1.69,3.84,1.29,1.50
1.69,3.84,1.29,1.50
1.69,3.84,1.29,1.50
1.69,3.84,1.29,1.50
1.69,3.84,1.29,1.50
1.69,3.84,1.29,1.50
1.69,3.84,1.29,1.50
1.69,3.84,1.29,1.50
1.69,3.84,1.29,1.50
1.69,3.84,1.29,1.50
1.69,3.84,1.29,1.50
1.69,3.84,1.29,1.50
1.69,3.84,1.29,1.50
1.69,3.84,1.29,1.50
1.69,3.84,1.29,1.50
1.69,3.84,1.29,1.50
1.69,3.84,1.29,1.50
1.69,3.84,1.29,1.50
1.69,3.84,1.29,1.50
1.69,3.84,1.29,1.50
1.69,3.84,1.29,1.50
1.69,3.84,1.29,1.50
1.69,3.84,1.29,1.50
1.69,3.84,1.29,1.50
1.69,3.84,1.29,1.50
1.69,3.84,1.29,1.50
1.69,3.84,1.29,1.50
1.69,3.84,1.29,1.50
1.69,3.84,1.29,1.50
1.69,3.84,1.29,1.50
1.69,3.84,1.29,1.50
1.69,3.84,1.29,1.50
1.69,3.84,1.29,1.50
1.69,3.84,1.29,1.50
1.69,3.84,1.29,1.50
1.69,3.84,1.29,1.50
1.69,3.84,1.29,1.50
1.69,3.84,1.29,1.50
1.69,3.84,1.29,1.50
1.69,3.84,1.29,1.50
1.69,3.84,1.29,1.50
1.69,3.84,1.29,1.50
1.69,3.84,1.29,1.50
1.69,3.84,1.29,1.50
1.69,3.84,1.29,1.50
1.69,3.84,1.29,1.50
1.69,3.84,1.29,1.50
1.69,3.84,1.29,1.50
1.69,3.84,1.29,1.50
1.69,3.84,1.29,1.50
1.69,3.84,1.29,1.50
1.69,3.84,1.29,1.50
1.69,3.84,1.29,1.50
1.69,3.84,1.29,1.50
1.69,3.84,1.29,1.50
1.69,3.84,1.29,1.50
1.69,3.84,1.29,1.50
1.69,3.84,1.29,1.50
1.69,3.84,1.29,1.50
1.69,3.84,1.29,1.50
1.69,3.84,1.29,1.50
1.69,3.84,1.29,1.50
1.69,3.84,1.29,1.50
1.69,3.84,1.29,1.50
1.69,3.84,1.29,1.50
1.69,3.84,1.29,1.50
1.69,3.84,1.29,1.50
1.69,3.84,1.29,1.50
1.69,3.84,1.29,1.50
1.69,3.84,1.29,1.50
1.69,3.84,1.29,1.50
1.69,3.84,1.29,1.50
1.69,3.84,1.29,1.50
1.69,3.84,1.29,1.50
1.69,3.84,1.29,1.50
1.69,3.84,1.29,1.50
1.69,3.84,1.29,1.50
1.69,3.84,1.29,1.50
1.69,3.84,1.29,1.50
1.69,3.84,1.29,1.50
1.69,3.84,1.29,1.50
1.69,3.84,1.29,1.50
1.69,3.84,1.29,1.50
1.69,3.84,1.29,1.50
1.69,3.84,1.29,1.50
1.69,3.84,1.29,1.50
1.69,3.84,1.29,1.50
1.69,3.84,1.29,1.50
1.69,3.84,1.29,1.50
1.69,3.84,1.29,1.50
1.69,3.84,1.29,1.50
1.69,3.84,1.29,1.50
1.69,3.84,1.29,1.50
1.69,3.84,1.29,1.50
1.69,3.84,1.29,1.50
1.69,3.84,1.29,1.50
1.69,3.84,1.29,1.50
1.69,3.84,1.29,1.50
1.69,3.84,1.29,1.50
1.69,3.84,1.29,1.50
1.69,3.84,1.29,1.50
1.69,3.84,1.29,1.50
1.69,3.84,1.29,1.50
1.69,3.84,1.29,1.50
1.69,3.84,1.29,1.50
1.69,3.84,1.29,1.50
1.69,3.84,1.29,1.50
1.69,3.84,1.29,1.50
1.69,3.84,1.29,1.50
1.69,3.84,1.29,1.50
1.69,3.84,1.29,1.50
1.69,3.84,1.29,1.50
1.69,3.84,1.29,1.50
1.69,3.84,1.29,1.50
1.69,3.84,1.29,1.50
1.69,3.84,1.29,1.50
1.69,3.84,1.29,1.50
1.69,3.84,1.29,1.50
1.69,3.84,1.29,1.50
1.69,3.84,1.29,1.50
1.69,3.84,1.29,1.50
1.69,3.84,1.29,1.50
1.69,3.84,1.29,1.50
1.69,3.84,1.29,1.50
1.69,3.84,1.29,1.50
1.69,3.84,1.29,1.50
1.69,3.84,1.29,1.50
1.69,3.84,1.29,1.50
1.69,3.84,1.29,1.50
1.69,3.84,1.29,1.50
1.69,3.84,1.29,1.50
1.69,3.84,1.29,1.50
1.69,3.84,1.29,1.50
1.69,3.84,1.29,1.50
1.69,3.84,1.29,1.50
1.69,3.84,1.29,1.50
1.69,3.84,1.29,1.50
1.69,3.84,1.29,1.50
1.69,3.84,1.29,1.50
1.69,3.84,1.29,1.50
1.69,3.84,1.29,1.50
1.69,3.84,1.29,1.50
1.69,3.84,1.29,1.50
1.69,3.84,1.29,1.50
1.69,3.84,1.29,1.50
1.69,3.84,1.29,1.50
1.69,3.84,1.29,1.50
1.69,3.84,1.29,1.50
1.69,3.84,1.29,1.50
1.69,3.84,1.29,1.50
1.69,3.84,1.29,1.50
1.69,3.84,1.29,1.50
1.69,3.84,1.29,1.50
1.69,3.84,1.29,1.50
1.69,3.84,1.29,1.50
1.69,3.84,1.29,1.50
1.69,3.84,1.29,1.50
1.64,3.99,1.27,1.41
1.64,3.99,1.27,1.41
1.64,3.99,1.27,1.41
1.64,3.99,1.27,1.41
1.64,3.99,1.27,1.41
1.64,3.99,1.27,1.41
1.64,3.99,1.27,1.41
1.64,3.99,1.27,1.41
1.64,3.99,1.27,1.41
1.64,3.99,1.27,1.41
1.64,3.99,1.27,1.41
1.64,3.99,1.27,1.41
1.64,3.99,1.27,1.41
1.64,3.99,1.27,1.41
1.64,3.99,1.27,1.41
1.64,3.99,1.27,1.41
1.64,3.99,1.27,1.41
1.64,3.99,1.27,1.41
1.64,3.99,1.27,1.41
1.64,3.99,1.27,1.41
1.64,3.99,1.27,1.41
1.64,3.99,1.27,1.41
1.64,3.99,1.27,1.41
1.64,3.99,1.27,1.41
1.64,3.99,1.27,1.41
1.64,3.99,1.27,1.41
1.64,3.99,1.27,1.41
1.64,3.99,1.27,1.41
1.64,3.99,1.27,1.41
1.64,3.99,1.27,1.41
1.64,3.99,1.27,1.41
1.64,3.99,1.27,1.41
1.64,3.99,1.27,1.41
1.64,3.99,1.27,1.41
1.64,3.99,1.27,1.41
1.64,3.99,1.27,1.41
1.64,3.99,1.27,1.41
1.64,3.99,1.27,1.41
1.64,3.99,1.27,1.41
1.64,3.99,1.27,1.41
1.64,3.99,1.27,1.41
1.64,3.99,1.27,1.41
1.64,3.99,1.27,1.41
1.64,3.99,1.27,1.41
1.64,3.99,1.27,1.41
1.64,3.99,1.27,1.41
1.64,3.99,1.27,1.41
1.64,3.99,1.27,1.41
1.64,3.99,1.27,1.41
1.64,3.99,1.27,1.41
1.64,3.99,1.27,1.41
1.64,3.99,1.27,1.41
1.64,3.99,1.27,1.41
1.64,3.99,1.27,1.41
1.64,3.99,1.27,1.41
1.64,3.99,1.27,1.41
1.64,3.99,1.27,1.41
1.64,3.99,1.27,1.41
1.64,3.99,1.27,1.41
1.64,3.99,1.27,1.41
1.64,3.99,1.27,1.41
1.64,3.99,1.27,1.41
1.64,3.99,1.27,1.41
1.64,3.99,1.27,1.41
1.64,3.99,1.27,1.41
1.64,3.99,1.27,1.41
1.64,3.99,1.27,1.41
1.64,3.99,1.27,1.41
1.64,3.99,1.27,1.41
1.64,3.99,1.27,1.41
1.64,3.99,1.27,1.41
1.64,3.99,1.27,1.41
1.64,3.99,1.27,1.41
1.64,3.99,1.27,1.41
1.64,3.99,1.27,1.41
1.64,3.99,1.27,1.41
1.64,3.99,1.27,1.41
1.64,3.99,1.27,1.41
1.64,3.99,1.27,1.41
1.64,3.99,1.27,1.41
1.64,3.99,1.27,1.41
1.64,3.99,1.27,1.41
1.64,3.99,1.27,1.41
1.64,3.99,1.27,1.41
1.64,3.99,1.27,1.41
1.64,3.99,1.27,1.41
1.64,3.99,1.27,1.41
1.64,3.99,1.27,1.41
1.64,3.99,1.27,1.41
1.64,3.99,1.27,1.41
1.64,3.99,1.27,1.41
1.64,3.99,1.27,1.41
1.64,3.99,1.27,1.41
1.64,3.99,1.27,1.41
1.64,3.99,1.27,1.41
1.64,3.99,1.27,1.41
1.64,3.99,1.27,1.41
1.64,3.99,1.27,1.41
1.64,3.99,1.27,1.41
1.64,3.99,1.27,1.41
1.64,3.99,1.27,1.41
1.64,3.99,1.27,1.41
1.64,3.99,1.27,1.41
1.64,3.99,1.27,1.41
1.64,3.99,1.27,1.41
1.64,3.99,1.27,1.41
1.64,3.99,1.27,1.41
1.64,3.99,1.27,1.41
1.64,3.99,1.27,1.41
1.64,3.99,1.27,1.41
1.64,3.99,1.27,1.41
1.64,3.99,1.27,1.41
1.64,3.99,1.27,1.41
1.64,3.99,1.27,1.41
1.64,3.99,1.27,1.41
1.64,3.99,1.27,1.41
1.64,3.99,1.27,1.41
1.64,3.99,1.27,1.41
1.64,3.99,1.27,1.41
1.64,3.99,1.27,1.41
1.64,3.99,1.27,1.41
1.64,3.99,1.27,1.41
1.64,3.99,1.27,1.41
1.64,3.99,1.27,1.41
1.64,3.99,1.27,1.41
1.64,3.99,1.27,1.41
1.64,3.99,1.27,1.41
1.64,3.99,1.27,1.41
1.64,3.99,1.27,1.41
1.64,3.99,1.27,1.41
1.64,3.99,1.27,1.41
1.64,3.99,1.27,1.41
1.64,3.99,1.27,1.41
1.64,3.99,1.27,1.41
1.64,3.99,1.27,1.41
1.64,3.99,1.27,1.41
1.64,3.99,1.27,1.41
1.64,3.99,1.27,1.41
1.64,3.99,1.27,1.41
1.64,3.99,1.27,1.41
1.64,3.99,1.27,1.41
1.64,3.99,1.27,1.41
1.64,3.99,1.27,1.41
1.64,3.99,1.27,1.41
1.64,3.99,1.27,1.41
1.64,3.99,1.27,1.41
1.64,3.99,1.27,1.41
1.64,3.99,1.27,1.41
1.64,3.99,1.27,1.41
1.64,3.99,1.27,1.41
1.64,3.99,1.27,1.41
1.64,3.99,1.27,1.41
1.64,3.99,1.27,1.41
1.64,3.99,1.27,1.41
1.64,3.99,1.27,1.41
1.64,3.99,1.27,1.41
1.64,3.99,1.27,1.41
1.64,3.99,1.27,1.41
1.64,3.99,1.27,1.41
1.64,3.99,1.27,1.41
1.64,3.99,1.27,1.41
1.64,3.99,1.27,1.41
1.64,3.99,1.27,1.41
1.64,3.99,1.27,1.41
1.64,3.99,1.27,1.41
1.64,3.99,1.27,1.41
1.64,3.99,1.27,1.41
1.64,3.99,1.27,1.41
1.64,3.99,1.27,1.41
1.64,3.99,1.27,1.41
1.64,3.99,1.27,1.41
1.64,3.99,1.27,1.41
1.64,3.99,1.27,1.41
1.64,3.99,1.27,1.41
1.64,3.99,1.27,1.41
1.64,3.99,1.27,1.41
1.64,3.99,1.27,1.41
1.64,3.99,1.27,1.41
1.64,3.99,1.27,1.41
1.64,3.99,1.27,1.41
1.64,3.99,1.27,1.41
1.64,3.99,1.27,1.41
1.64,3.99,1.27,1.41
1.64,3.99,1.27,1.41
1.64,3.99,1.27,1.41
1.64,3.99,1.27,1.41
1.64,3.99,1.27,1.41
1.64,3.99,1.27,1.41
1.64,3.99,1.27,1.41
1.64,3.99,1.27,1.41
1.64,3.99,1.27,1.41
1.64,3.99,1.27,1.41
1.64,3.99,1.27,1.41
1.64,3.99,1.27,1.41
1.64,3.99,1.27,1.41
1.64,3.99,1.27,1.41
1.64,3.99,1.27,1.41
1.64,3.99,1.27,1.41
1.64,3.99,1.27,1.41
1.64,3.99,1.27,1.41
1.64,3.99,1.27,1.41
1.64,3.99,1.27,1.41
1.64,3.99,1.27,1.41
1.64,3.99,1.27,1.41
1.64,3.99,1.27,1.41
1.64,3.99,1.27,1.41
1.64,3.99,1.27,1.41
1.64,3.99,1.27,1.41
1.64,3.99,1.27,1.41
1.64,3.99,1.27,1.41
1.64,3.99,1.27,1.41
1.64,3.99,1.27,1.41
1.64,3.99,1.27,1.41
1.64,3.99,1.27,1.41
1.64,3.99,1.27,1.41
1.64,3.99,1.27,1.41
1.64,3.99,1.27,1.41
1.64,3.99,1.27,1.41
1.64,3.99,1.27,1.41
1.64,3.99,1.27,1.41
1.64,3.99,1.27,1.41
1.64,3.99,1.27,1.41
1.64,3.99,1.27,1.41
1.64,3.99,1.27,1.41
1.64,3.99,1.27,1.41
1.64,3.99,1.27,1.41
1.64,3.99,1.27,1.41
1.64,3.99,1.27,1.41
1.64,3.99,1.27,1.41
1.64,3.99,1.27,1.41
1.64,3.99,1.27,1.41
1.64,3.99,1.27,1.41
1.64,3.99,1.27,1.41
1.64,3.99,1.27,1.41
1.64,3.99,1.27,1.41
1.64,3.99,1.27,1.41
1.64,3.99,1.27,1.41
1.64,3.99,1.27,1.41
1.64,3.99,1.27,1.41
1.64,3.99,1.27,1.41
1.64,3.99,1.27,1.41
1.64,3.99,1.27,1.41
1.64,3.99,1.27,1.41
1.64,3.99,1.27,1.41
1.64,3.99,1.27,1.41
1.64,3.99,1.27,1.41
1.64,3.99,1.27,1.41
1.64,3.99,1.27,1.41
1.64,3.99,1.27,1.41
1.64,3.99,1.27,1.41
1.64,3.99,1.27,1.41
1.64,3.99,1.27,1.41
1.64,3.99,1.27,1.41
1.64,3.99,1.27,1.41
1.64,3.99,1.27,1.41
1.64,3.99,1.27,1.41
1.64,3.99,1.27,1.41
1.64,3.99,1.27,1.41
1.64,3.99,1.27,1.41
1.64,3.99,1.27,1.41
1.64,3.99,1.27,1.41
1.64,3.99,1.27,1.41
1.64,3.99,1.27,1.41
1.64,3.99,1.27,1.41
1.64,3.99,1.27,1.41
1.64,3.99,1.27,1.41
1.64,3.99,1.27,1.41
1.64,3.99,1.27,1.41
1.64,3.99,1.27,1.41
1.64,3.99,1.27,1.41
1.64,3.99,1.27,1.41
1.64,3.99,1.27,1.41
1.64,3.99,1.27,1.41
1.64,3.99,1.27,1.41
1.64,3.99,1.27,1.41
1.64,3.99,1.27,1.41
1.64,3.99,1.27,1.41
1.64,3.99,1.27,1.41
1.64,3.99,1.27,1.41
1.64,3.99,1.27,1.41
1.64,3.99,1.27,1.41
1.64,3.99,1.27,1.41
1.64,3.99,1.27,1.41
1.64,3.99,1.27,1.41
1.64,3.99,1.27,1.41
1.64,3.99,1.27,1.41
1.64,3.99,1.27,1.41
1.64,3.99,1.27,1.41
1.64,3.99,1.27,1.41
1.64,3.99,1.27,1.41
1.64,3.99,1.27,1.41
1.64,3.99,1.27,1.41
1.64,3.99,1.27,1.41
1.64,3.99,1.27,1.41
1.64,3.99,1.27,1.41
1.64,3.99,1.27,1.41
1.64,3.99,1.27,1.41
1.64,3.99,1.27,1.41
1.64,3.99,1.27,1.41
1.64,3.99,1.27,1.41
1.64,3.99,1.27,1.41
1.64,3.99,1.27,1.41
1.64,3.99,1.27,1.41
1.64,3.99,1.27,1.41
1.64,3.99,1.27,1.41
1.64,3.99,1.27,1.41
1.64,3.99,1.27,1.41
1.64,3.99,1.27,1.41
1.64,3.99,1.27,1.41
1.64,3.99,1.27,1.41
1.64,3.99,1.27,1.41
1.64,3.99,1.27,1.41
1.64,3.99,1.27,1.41
1.64,3.99,1.27,1.41
1.64,3.99,1.27,1.41
1.64,3.99,1.27,1.41
1.64,3.99,1.27,1.41
1.64,3.99,1.27,1.41
1.64,3.99,1.27,1.41
1.64,3.99,1.27,1.41
1.64,3.99,1.27,1.41
1.64,3.99,1.27,1.41
1.64,3.99,1.27,1.41
1.64,3.99,1.27,1.41
1.64,3.99,1.27,1.41
1.64,3.99,1.27,1.41
1.64,3.99,1.27,1.41
1.64,3.99,1.27,1.41
1.64,3.99,1.27,1.41
1.64,3.99,1.27,1.41
1.64,3.99,1.27,1.41
1.64,3.99,1.27,1.41
1.64,3.99,1.27,1.41
1.64,3.99,1.27,1.41
1.64,3.99,1.27,1.41
1.64,3.99,1.27,1.41
1.64,3.99,1.27,1.41
1.64,3.99,1.27,1.41
1.64,3.99,1.27,1.41
1.64,3.99,1.27,1.41
1.64,3.99,1.27,1.41
1.64,3.99,1.27,1.41
1.64,3.99,1.27,1.41
1.64,3.99,1.27,1.41
1.64,3.99,1.27,1.41
1.64,3.99,1.27,1.41
1.64,3.99,1.27,1.41
1.64,3.99,1.27,1.41
1.64,3.99,1.27,1.41
1.64,3.99,1.27,1.41
1.64,3.99,1.27,1.41
1.64,3.99,1.27,1.41
1.64,3.99,1.27,1.41
1.64,3.99,1.27,1.41
1.64,3.99,1.27,1.41
1.64,3.99,1.27,1.41
1.64,3.99,1.27,1.41
1.64,3.99,1.27,1.41
1.64,3.99,1.27,1.41
1.64,3.99,1.27,1.41
1.64,3.99,1.27,1.41
1.64,3.99,1.27,1.41
1.64,3.99,1.27,1.41
1.91,4.63,1.86,2.37
1.91,4.63,1.86,2.37
1.91,4.63,1.86,2.37
1.91,4.63,1.86,2.37
1.91,4.63,1.86,2.37
1.91,4.63,1.86,2.37
1.91,4.63,1.86,2.37
1.91,4.63,1.86,2.37
1.91,4.63,1.86,2.37
1.91,4.63,1.86,2.37
1.91,4.63,1.86,2.37
1.91,4.63,1.86,2.37
1.91,4.63,1.86,2.37
1.91,4.63,1.86,2.37
1.91,4.63,1.86,2.37
1.91,4.63,1.86,2.37
1.91,4.63,1.86,2.37
1.91,4.63,1.86,2.37
1.91,4.63,1.86,2.37
1.91,4.63,1.86,2.37
1.91,4.63,1.86,2.37
1.91,4.63,1.86,2.37
1.91,4.63,1.86,2.37
1.91,4.63,1.86,2.37
1.91,4.63,1.86,2.37
1.91,4.63,1.86,2.37
1.91,4.63,1.86,2.37
1.91,4.63,1.86,2.37
1.91,4.63,1.86,2.37
1.91,4.63,1.86,2.37
1.91,4.63,1.86,2.37
1.91,4.63,1.86,2.37
1.91,4.63,1.86,2.37
1.91,4.63,1.86,2.37
1.91,4.63,1.86,2.37
1.91,4.63,1.86,2.37
1.91,4.63,1.86,2.37
1.91,4.63,1.86,2.37
1.91,4.63,1.86,2.37
1.91,4.63,1.86,2.37
1.91,4.63,1.86,2.37
1.91,4.63,1.86,2.37
1.91,4.63,1.86,2.37
1.91,4.63,1.86,2.37
1.91,4.63,1.86,2.37
1.91,4.63,1.86,2.37
1.91,4.63,1.86,2.37
1.91,4.63,1.86,2.37
1.91,4.63,1.86,2.37
1.91,4.63,1.86,2.37
1.91,4.63,1.86,2.37
1.91,4.63,1.86,2.37
1.91,4.63,1.86,2.37
1.91,4.63,1.86,2.37
1.91,4.63,1.86,2.37
1.91,4.63,1.86,2.37
1.91,4.63,1.86,2.37
1.91,4.63,1.86,2.37
1.91,4.63,1.86,2.37
1.91,4.63,1.86,2.37
1.91,4.63,1.86,2.37
1.91,4.63,1.86,2.37
1.91,4.63,1.86,2.37
1.91,4.63,1.86,2.37
1.91,4.63,1.86,2.37
1.91,4.63,1.86,2.37
1.91,4.63,1.86,2.37
1.91,4.63,1.86,2.37
1.91,4.63,1.86,2.37
1.91,4.63,1.86,2.37
1.91,4.63,1.86,2.37
1.91,4.63,1.86,2.37
1.91,4.63,1.86,2.37
1.91,4.63,1.86,2.37
1.91,4.63,1.86,2.37
1.91,4.63,1.86,2.37
1.91,4.63,1.86,2.37
1.91,4.63,1.86,2.37
1.91,4.63,1.86,2.37
1.91,4.63,1.86,2.37
1.91,4.63,1.86,2.37
1.91,4.63,1.86,2.37
1.91,4.63,1.86,2.37
1.91,4.63,1.86,2.37
1.91,4.63,1.86,2.37
1.91,4.63,1.86,2.37
1.91,4.63,1.86,2.37
1.91,4.63,1.86,2.37
1.91,4.63,1.86,2.37
1.91,4.63,1.86,2.37
1.91,4.63,1.86,2.37
1.91,4.63,1.86,2.37
1.91,4.63,1.86,2.37
1.91,4.63,1.86,2.37
1.91,4.63,1.86,2.37
1.91,4.63,1.86,2.37
1.91,4.63,1.86,2.37
1.91,4.63,1.86,2.37
1.91,4.63,1.86,2.37
1.91,4.63,1.86,2.37
1.91,4.63,1.86,2.37
1.91,4.63,1.86,2.37
1.91,4.63,1.86,2.37
1.91,4.63,1.86,2.37
1.91,4.63,1.86,2.37
1.91,4.63,1.86,2.37
1.91,4.63,1.86,2.37
1.91,4.63,1.86,2.37
1.91,4.63,1.86,2.37
1.91,4.63,1.86,2.37
1.91,4.63,1.86,2.37
1.91,4.63,1.86,2.37
1.91,4.63,1.86,2.37
1.91,4.63,1.86,2.37
1.91,4.63,1.86,2.37
1.91,4.63,1.86,2.37
1.91,4.63,1.86,2.37
1.91,4.63,1.86,2.37
1.91,4.63,1.86,2.37
1.91,4.63,1.86,2.37
1.91,4.63,1.86,2.37
1.91,4.63,1.86,2.37
1.91,4.63,1.86,2.37
1.91,4.63,1.86,2.37
1.91,4.63,1.86,2.37
1.91,4.63,1.86,2.37
1.91,4.63,1.86,2.37
1.91,4.63,1.86,2.37
1.91,4.63,1.86,2.37
1.91,4.63,1.86,2.37
1.91,4.63,1.86,2.37
1.91,4.63,1.86,2.37
1.91,4.63,1.86,2.37
1.91,4.63,1.86,2.37
1.91,4.63,1.86,2.37
1.91,4.63,1.86,2.37
1.91,4.63,1.86,2.37
1.91,4.63,1.86,2.37
1.91,4.63,1.86,2.37
1.91,4.63,1.86,2.37
1.91,4.63,1.86,2.37
1.91,4.63,1.86,2.37
1.91,4.63,1.86,2.37
1.91,4.63,1.86,2.37
1.91,4.63,1.86,2.37
1.91,4.63,1.86,2.37
1.91,4.63,1.86,2.37
1.91,4.63,1.86,2.37
1.91,4.63,1.86,2.37
1.91,4.63,1.86,2.37
1.91,4.63,1.86,2.37
1.91,4.63,1.86,2.37
1.91,4.63,1.86,2.37
1.91,4.63,1.86,2.37
1.91,4.63,1.86,2.37
1.91,4.63,1.86,2.37
1.91,4.63,1.86,2.37
1.91,4.63,1.86,2.37
1.91,4.63,1.86,2.37
1.91,4.63,1.86,2.37
1.91,4.63,1.86,2.37
1.91,4.63,1.86,2.37
1.91,4.63,1.86,2.37
2.41,5.20,2.19,2.81
2.41,5.20,2.19,2.81
2.41,5.20,2.19,2.81
2.41,5.20,2.19,2.81
2.41,5.20,2.19,2.81
2.41,5.20,2.19,2.81
2.41,5.20,2.19,2.81
2.41,5.20,2.19,2.81
2.41,5.20,2.19,2.81
2.41,5.20,2.19,2.81
2.41,5.20,2.19,2.81
2.41,5.20,2.19,2.81
2.41,5.20,2.19,2.81
2.41,5.20,2.19,2.81
2.41,5.20,2.19,2.81
2.41,5.20,2.19,2.81
2.41,5.20,2.19,2.81
2.41,5.20,2.19,2.81
2.41,5.20,2.19,2.81
2.41,5.20,2.19,2.81
2.41,5.20,2.19,2.81
2.41,5.20,2.19,2.81
2.41,5.20,2.19,2.81
2.41,5.20,2.19,2.81
2.41,5.20,2.19,2.81
2.41,5.20,2.19,2.81
2.41,5.20,2.19,2.81
2.41,5.20,2.19,2.81
2.41,5.20,2.19,2.81
2.41,5.20,2.19,2.81
2.41,5.20,2.19,2.81
2.41,5.20,2.19,2.81
2.41,5.20,2.19,2.81
2.41,5.20,2.19,2.81
2.41,5.20,2.19,2.81
2.41,5.20,2.19,2.81
2.41,5.20,2.19,2.81
2.41,5.20,2.19,2.81
2.41,5.20,2.19,2.81
2.41,5.20,2.19,2.81
2.41,5.20,2.19,2.81
2.41,5.20,2.19,2.81
2.41,5.20,2.19,2.81
2.41,5.20,2.19,2.81
2.41,5.20,2.19,2.81
2.41,5.20,2.19,2.81
2.41,5.20,2.19,2.81
2.41,5.20,2.19,2.81
2.41,5.20,2.19,2.81
2.41,5.20,2.19,2.81
2.41,5.20,2.19,2.81
2.89,5.88,3.05,3.72
2.89,5.88,3.05,3.72
2.89,5.88,3.05,3.72
2.89,5.88,3.05,3.72
2.89,5.88,3.05,3.72
2.89,5.88,3.05,3.72
2.89,5.88,3.05,3.72
2.89,5.88,3.05,3.72
2.89,5.88,3.05,3.72
2.89,5.88,3.05,3.72
3.64,6.66,4.02,4.72
3.64,6.66,4.02,4.72
3.64,6.66,4.02,4.72
3.64,6.66,4.02,4.72
3.64,6.66,4.02,4.72
3.64,6.66,4.02,4.72
3.64,6.66,4.02,4.72
3.64,6.66,4.02,4.72
3.64,6.66,4.02,4.72
3.64,6.66,4.02,4.72
3.64,6.66,4.02,4.72
3.64,6.66,4.02,4.72
3.64,6.66,4.02,4.72
3.64,6.66,4.02,4.72
3.64,6.66,4.02,4.72
3.64,6.66,4.02,4.72
3.64,6.66,4.02,4.72
3.64,6.66,4.02,4.72
3.64,6.66,4.02,4.72
3.64,6.66,4.02,4.72
3.64,6.66,4.02,4.72
3.64,6.66,4.02,4.72
3.64,6.66,4.02,4.72
3.64,6.66,4.02,4.72
3.64,6.66,4.02,4.72
3.64,6.66,4.02,4.72
3.64,6.66,4.02,4.72
3.64,6.66,4.02,4.72
3.64,6.66,4.02,4.72
3.64,6.66,4.02,4.72
3.64,6.66,4.02,4.72
3.64,6.66,4.02,4.72
3.64,6.66,4.02,4.72
3.64,6.66,4.02,4.72
3.64,6.66,4.02,4.72
3.64,6.66,4.02,4.72
3.64,6.66,4.02,4.72
3.64,6.66,4.02,4.72
3.64,6.66,4.02,4.72
3.64,6.66,4.02,4.72
3.64,6.66,4.02,4.72
3.64,6.66,4.02,4.72
3.64,6.66,4.02,4.72
3.64,6.66,4.02,4.72
3.64,6.66,4.02,4.72
3.64,6.66,4.02,4.72
3.64,6.66,4.02,4.72
3.64,6.66,4.02,4.72
3.64,6.66,4.02,4.72
3.64,6.66,4.02,4.72
3.64,6.66,4.02,4.72
3.64,6.66,4.02,4.72
3.64,6.66,4.02,4.72
3.64,6.66,4.02,4.72
3.64,6.66,4.02,4.72
3.64,6.66,4.02,4.72
3.64,6.66,4.02,4.72
3.64,6.66,4.02,4.72
3.64,6.66,4.02,4.72
3.64,6.66,4.02,4.72
3.64,6.66,4.02,4.72
3.64,6.66,4.02,4.72
3.64,6.66,4.02,4.72
3.64,6.66,4.02,4.72
3.64,6.66,4.02,4.72
3.64,6.66,4.02,4.72
3.64,6.66,4.02,4.72
3.64,6.66,4.02,4.72
3.64,6.66,4.02,4.72
3.64,6.66,4.02,4.72
3.64,6.66,4.02,4.72
3.64,6.66,4.02,4.72
3.64,6.66,4.02,4.72
3.64,6.66,4.02,4.72
4.19,7.21,4.42,5.14
4.19,7.21,4.42,5.14
4.19,7.21,4.42,5.14
4.19,7.21,4.42,5.14
4.19,7.21,4.42,5.14
4.19,7.21,4.42,5.14
4.19,7.21,4.42,5.14
4.19,7.21,4.42,5.14
4.19,7.21,4.42,5.14
4.19,7.21,4.42,5.14
4.19,7.21,4.42,5.14
4.19,7.21,4.42,5.14
4.19,7.21,4.42,5.14
4.19,7.21,4.42,5.14
4.19,7.21,4.42,5.14
4.19,7.21,4.42,5.14
4.19,7.21,4.42,5.14
4.19,7.21,4.42,5.14
4.19,7.21,4.42,5.14
4.19,7.21,4.42,5.14
4.19,7.21,4.42,5.14
4.19,7.21,4.42,5.14
4.19,7.21,4.42,5.14
4.19,7.21,4.42,5.14
4.19,7.21,4.42,5.14
4.19,7.21,4.42,5.14
4.19,7.21,4.42,5.14
4.19,7.21,4.42,5.14
4.19,7.21,4.42,5.14
4.19,7.21,4.42,5.14
4.19,7.21,4.42,5.14
4.19,7.21,4.42,5.14
4.19,7.21,4.42,5.14
4.19,7.21,4.42,5.14
4.19,7.21,4.42,5.14
4.19,7.21,4.42,5.14
4.19,7.21,4.42,5.14
4.19,7.21,4.42,5.14
4.19,7.21,4.42,5.14
4.19,7.21,4.42,5.14
4.19,7.21,4.42,5.14
4.19,7.21,4.42,5.14
4.19,7.21,4.42,5.14
4.19,7.21,4.42,5.14
4.19,7.21,4.42,5.14
4.19,7.21,4.42,5.14
4.19,7.21,4.42,5.14
4.19,7.21,4.42,5.14
4.19,7.21,4.42,5.14
4.19,7.21,4.42,5.14
4.19,7.21,4.42,5.14
4.19,7.21,4.42,5.14
4.19,7.21,4.42,5.14
4.19,7.21,4.42,5.14
4.19,7.21,4.42,5.14
4.19,7.21,4.42,5.14
4.19,7.21,4.42,5.14
4.19,7.21,4.42,5.14
4.19,7.21,4.42,5.14
4.19,7.21,4.42,5.14
4.19,7.21,4.42,5.14
4.19,7.21,4.42,5.14
4.19,7.21,4.42,5.14
4.19,7.21,4.42,5.14
4.19,7.21,4.42,5.14
4.19,7.21,4.42,5.14
4.19,7.21,4.42,5.14
4.19,7.21,4.42,5.14
4.19,7.21,4.42,5.14
4.19,7.21,4.42,5.14
4.19,7.21,4.42,5.14
4.19,7.21,4.42,5.14
4.19,7.21,4.42,5.14
4.19,7.21,4.42,5.14
4.19,7.21,4.42,5.14
4.19,7.21,4.42,5.14
4.19,7.21,4.42,5.14
4.19,7.21,4.42,5.14
4.19,7.21,4.42,5.14
5.01,7.99,5.36,6.10
5.01,7.99,5.36,6.10
5.01,7.99,5.36,6.10
5.01,7.99,5.36,6.10
5.01,7.99,5.36,6.10
5.01,7.99,5.36,6.10
5.01,7.99,5.36,6.10
5.01,7.99,5.36,6.10
5.94,8.83,6.36,7.10
5.94,8.83,6.36,7.10
5.94,8.83,6.36,7.10
5.94,8.83,6.36,7.10
5.94,8.83,6.36,7.10
5.94,8.83,6.36,7.10
5.94,8.83,6.36,7.10
5.94,8.83,6.36,7.10
5.94,8.83,6.36,7.10
5.94,8.83,6.36,7.10
5.94,8.83,6.36,7.10
5.94,8.83,6.36,7.10
5.94,8.83,6.36,7.10
5.94,8.83,6.36,7.10
5.94,8.83,6.36,7.10
5.94,8.83,6.36,7.10
5.94,8.83,6.36,7.10
5.94,8.83,6.36,7.10
5.94,8.83,6.36,7.10
5.94,8.83,6.36,7.10
5.94,8.83,6.36,7.10
5.94,8.83,6.36,7.10
5.94,8.83,6.36,7.10
5.94,8.83,6.36,7.10
5.94,8.83,6.36,7.10
5.94,8.83,6.36,7.10
5.94,8.83,6.36,7.10
5.94,8.83,6.36,7.10
5.94,8.83,6.36,7.10
5.94,8.83,6.36,7.10
5.94,8.83,6.36,7.10
5.94,8.83,6.36,7.10
5.94,8.83,6.36,7.10
5.94,8.83,6.36,7.10
5.94,8.83,6.36,7.10
5.94,8.83,6.36,7.10
5.94,8.83,6.36,7.10
5.94,8.83,6.36,7.10
5.94,8.83,6.36,7.10
5.94,8.83,6.36,7.10
5.94,8.83,6.36,7.10
5.94,8.83,6.36,7.10
5.94,8.83,6.36,7.10
5.94,8.83,6.36,7.10
5.94,8.83,6.36,7.10
5.94,8.83,6.36,7.10
5.94,8.83,6.36,7.10
5.94,8.83,6.36,7.10
5.94,8.83,6.36,7.10
5.94,8.83,6.36,7.10
5.94,8.83,6.36,7.10
5.94,8.83,6.36,7.10
5.94,8.83,6.36,7.10
5.94,8.83,6.36,7.10
5.94,8.83,6.36,7.10
5.94,8.83,6.36,7.10
5.94,8.83,6.36,7.10
5.94,8.83,6.36,7.10
5.94,8.83,6.36,7.10
5.94,8.83,6.36,7.10
5.94,8.83,6.36,7.10
5.94,8.83,6.36,7.10
5.94,8.83,6.36,7.10
5.94,8.83,6.36,7.10
5.94,8.83,6.36,7.10
5.94,8.83,6.36,7.10
5.94,8.83,6.36,7.10
5.94,8.83,6.36,7.10
5.94,8.83,6.36,7.10
5.94,8.83,6.36,7.10
5.94,8.83,6.36,7.10
5.94,8.83,6.36,7.10
5.94,8.83,6.36,7.10
5.94,8.83,6.36,7.10
5.94,8.83,6.36,7.10
5.94,8.83,6.36,7.10
5.94,8.83,6.36,7.10
5.94,8.83,6.36,7.10
5.94,8.83,6.36,7.10
5.94,8.83,6.36,7.10
5.94,8.83,6.36,7.10
5.94,8.83,6.36,7.10
5.94,8.83,6.36,7.10
5.94,8.83,6.36,7.10
5.94,8.83,6.36,7.10
5.94,8.83,6.36,7.10
5.94,8.83,6.36,7.10
5.94,8.83,6.36,7.10
5.94,8.83,6.36,7.10
5.94,8.83,6.36,7.10
5.94,8.83,6.36,7.10
5.94,8.83,6.36,7.10
5.94,8.83,6.36,7.10
5.94,8.83,6.36,7.10
5.94,8.83,6.36,7.10
5.94,8.83,6.36,7.10
5.94,8.83,6.36,7.10
5.94,8.83,6.36,7.10
5.94,8.83,6.36,7.10
5.94,8.83,6.36,7.10
5.94,8.83,6.36,7.10
5.94,8.83,6.36,7.10
5.94,8.83,6.36,7.10
5.94,8.83,6.36,7.10
5.94,8.83,6.36,7.10
5.94,8.83,6.36,7.10
5.94,8.83,6.36,7.10
5.94,8.83,6.36,7.10
5.94,8.83,6.36,7.10
5.94,8.83,6.36,7.10
5.94,8.83,6.36,7.10
5.94,8.83,6.36,7.10
5.94,8.83,6.36,7.10
5.94,8.83,6.36,7.10
5.94,8.83,6.36,7.10
5.94,8.83,6.36,7.10
5.94,8.83,6.36,7.10
5.94,8.83,6.36,7.10
5.94,8.83,6.36,7.10
5.94,8.83,6.36,7.10
5.94,8.83,6.36,7.10
5.94,8.83,6.36,7.10
5.94,8.83,6.36,7.10
5.94,8.83,6.36,7.10
5.94,8.83,6.36,7.10
5.94,8.83,6.36,7.10
5.94,8.83,6.36,7.10
5.94,8.83,6.36,7.10
5.94,8.83,6.36,7.10
5.94,8.83,6.36,7.10
5.94,8.83,6.36,7.10
5.94,8.83,6.36,7.10
5.94,8.83,6.36,7.10
5.94,8.83,6.36,7.10
5.94,8.83,6.36,7.10
5.94,8.83,6.36,7.10
5.94,8.83,6.36,7.10
5.94,8.83,6.36,7.10
5.94,8.83,6.36,7.10
5.94,8.83,6.36,7.10
5.94,8.83,6.36,7.10
5.94,8.83,6.36,7.10
5.94,8.83,6.36,7.10
5.94,8.83,6.36,7.10
5.94,8.83,6.36,7.10
5.94,8.83,6.36,7.10
5.94,8.83,6.36,7.10
5.94,8.83,6.36,7.10
5.94,8.83,6.36,7.10
5.94,8.83,6.36,7.10
5.94,8.83,6.36,7.10
5.94,8.83,6.36,7.10
5.94,8.83,6.36,7.10
5.94,8.83,6.36,7.10
5.94,8.83,6.36,7.10
5.94,8.83,6.36,7.10
5.94,8.83,6.36,7.10
5.94,8.83,6.36,7.10
5.94,8.83,6.36,7.10
5.94,8.83,6.36,7.10
5.94,8.83,6.36,7.10
5.94,8.83,6.36,7.10
5.94,8.83,6.36,7.10
5.94,8.83,6.36,7.10
5.94,8.83,6.36,7.10
5.94,8.83,6.36,7.10
5.94,8.83,6.36,7.10
5.94,8.83,6.36,7.10
5.94,8.83,6.36,7.10
5.94,8.83,6.36,7.10
5.94,8.83,6.36,7.10
5.94,8.83,6.36,7.10
5.94,8.83,6.36,7.10
5.94,8.83,6.36,7.10
5.94,8.83,6.36,7.10
5.94,8.83,6.36,7.10
5.94,8.83,6.36,7.10
5.94,8.83,6.36,7.10
5.94,8.83,6.36,7.10
5.94,8.83,6.36,7.10
5.94,8.83,6.36,7.10
5.94,8.83,6.36,7.10
5.94,8.83,6.36,7.10
5.94,8.83,6.36,7.10
5.94,8.83,6.36,7.10
5.94,8.83,6.36,7.10
5.94,8.83,6.36,7.10
5.94,8.83,6.36,7.10
5.94,8.83,6.36,7.10
5.94,8.83,6.36,7.10
5.94,8.83,6.36,7.10
5.94,8.83,6.36,7.10
5.94,8.83,6.36,7.10
5.94,8.83,6.36,7.10
5.94,8.83,6.36,7.10
5.94,8.83,6.36,7.10
5.94,8.83,6.36,7.10
5.94,8.83,6.36,7.10
5.94,8.83,6.36,7.10
5.94,8.83,6.36,7.10
5.94,8.83,6.36,7.10
5.94,8.83,6.36,7.10
5.94,8.83,6.36,7.10
5.94,8.83,6.36,7.10
5.94,8.83,6.36,7.10
5.94,8.83,6.36,7.10
5.94,8.83,6.36,7.10
5.94,8.83,6.36,7.10
5.94,8.83,6.36,7.10
5.94,8.83,6.36,7.10
5.94,8.83,6.36,7.10
5.94,8.83,6.36,7.10
5.94,8.83,6.36,7.10
5.94,8.83,6.36,7.10
5.94,8.83,6.36,7.10
5.94,8.83,6.36,7.10
5.94,8.83,6.36,7.10
5.94,8.83,6.36,7.10
5.94,8.83,6.36,7.10
5.94,8.83,6.36,7.10
5.94,8.83,6.36,7.10
5.94,8.83,6.36,7.10
5.94,8.83,6.36,7.10
5.94,8.83,6.36,7.10
5.94,8.83,6.36,7.10
5.94,8.83,6.36,7.10
5.94,8.83,6.36,7.10
5.94,8.83,6.36,7.10
5.94,8.83,6.36,7.10
5.94,8.83,6.36,7.10
5.94,8.83,6.36,7.10
5.94,8.83,6.36,7.10
5.94,8.83,6.36,7.10
5.94,8.83,6.36,7.10
5.94,8.83,6.36,7.10
5.94,8.83,6.36,7.10
5.94,8.83,6.36,7.10
5.94,8.83,6.36,7.10
5.94,8.83,6.36,7.10
5.94,8.83,6.36,7.10
5.94,8.83,6.36,7.10
5.94,8.83,6.36,7.10
5.94,8.83,6.36,7.10
5.94,8.83,6.36,7.10
5.94,8.83,6.36,7.10
5.94,8.83,6.36,7.10
5.94,8.83,6.36,7.10
5.94,8.83,6.36,7.10
5.94,8.83,6.36,7.10
5.94,8.83,6.36,7.10
5.94,8.83,6.36,7.10
5.94,8.83,6.36,7.10
5.94,8.83,6.36,7.10
5.94,8.83,6.36,7.10
5.94,8.83,6.36,7.10
5.94,8.83,6.36,7.10
5.94,8.83,6.36,7.10
5.94,8.83,6.36,7.10
5.94,8.83,6.36,7.10
5.94,8.83,6.36,7.10
5.94,8.83,6.36,7.10
5.94,8.83,6.36,7.10
5.94,8.83,6.36,7.10
5.94,8.83,6.36,7.10
5.94,8.83,6.36,7.10
5.94,8.83,6.36,7.10
5.94,8.83,6.36,7.10
5.94,8.83,6.36,7.10
5.94,8.83,6.36,7.10
5.94,8.83,6.36,7.10
5.94,8.83,6.36,7.10
5.94,8.83,6.36,7.10
5.94,8.83,6.36,7.10
5.94,8.83,6.36,7.10
5.94,8.83,6.36,7.10
5.94,8.83,6.36,7.10
5.94,8.83,6.36,7.10
5.94,8.83,6.36,7.10
5.94,8.83,6.36,7.10
5.94,8.83,6.36,7.10
5.94,8.83,6.36,7.10
5.94,8.83,6.36,7.10
5.94,8.83,6.36,7.10
5.94,8.83,6.36,7.10
5.94,8.83,6.36,7.10
5.94,8.83,6.36,7.10
5.94,8.83,6.36,7.10
5.94,8.83,6.36,7.10
5.94,8.83,6.36,7.10
5.94,8.83,6.36,7.10
5.94,8.83,6.36,7.10
5.94,8.83,6.36,7.10
5.94,8.83,6.36,7.10
5.94,8.83,6.36,7.10
5.94,8.83,6.36,7.10
5.94,8.83,6.36,7.10
5.94,8.83,6.36,7.10
5.94,8.83,6.36,7.10
5.94,8.83,6.36,7.10
5.94,8.83,6.36,7.10
5.94,8.83,6.36,7.10
5.94,8.83,6.36,7.10
5.94,8.83,6.36,7.10
5.94,8.83,6.36,7.10
5.94,8.83,6.36,7.10
5.94,8.83,6.36,7.10
5.94,8.83,6.36,7.10
5.94,8.83,6.36,7.10
5.94,8.83,6.36,7.10
5.94,8.83,6.36,7.10
5.94,8.83,6.36,7.10
5.94,8.83,6.36,7.10
5.94,8.83,6.36,7.10
5.94,8.83,6.36,7.10
5.94,8.83,6.36,7.10
5.94,8.83,6.36,7.10
5.94,8.83,6.36,7.10
5.94,8.83,6.36,7.10
5.94,8.83,6.36,7.10
5.94,8.83,6.36,7.10
5.94,8.83,6.36,7.10
5.94,8.83,6.36,7.10
5.94,8.83,6.36,7.10
5.94,8.83,6.36,7.10
5.94,8.83,6.36,7.10
5.94,8.83,6.36,7.10
5.94,8.83,6.36,7.10
5.94,8.83,6.36,7.10
5.94,8.83,6.36,7.10
5.94,8.83,6.36,7.10
5.94,8.83,6.36,7.10
5.94,8.83,6.36,7.10
5.94,8.83,6.36,7.10
5.94,8.83,6.36,7.10
5.94,8.83,6.36,7.10
5.94,8.83,6.36,7.10
5.94,8.83,6.36,7.10
5.94,8.83,6.36,7.10
5.94,8.83,6.36,7.10
5.94,8.83,6.36,7.10
5.94,8.83,6.36,7.10
5.94,8.83,6.36,7.10
5.94,8.83,6.36,7.10
5.94,8.83,6.36,7.10
5.94,8.83,6.36,7.10
5.94,8.83,6.36,7.10
5.94,8.83,6.36,7.10
5.94,8.83,6.36,7.10
5.94,8.83,6.36,7.10
5.94,8.83,6.36,7.10
5.94,8.83,6.36,7.10
5.94,8.83,6.36,7.10
5.94,8.83,6.36,7.10
5.94,8.83,6.36,7.10
5.94,8.83,6.36,7.10
5.94,8.83,6.36,7.10
5.94,8.83,6.36,7.10
5.94,8.83,6.36,7.10
5.94,8.83,6.36,7.10
5.94,8.83,6.36,7.10
5.94,8.83,6.36,7.10
5.94,8.83,6.36,7.10
5.94,8.83,6.36,7.10
5.94,8.83,6.36,7.10
5.94,8.83,6.36,7.10
5.94,8.83,6.36,7.10
5.94,8.83,6.36,7.10
5.94,8.83,6.36,7.10
5.94,8.83,6.36,7.10
5.94,8.83,6.36,7.10
5.94,8.83,6.36,7.10
5.94,8.83,6.36,7.10
5.94,8.83,6.36,7.10
5.94,8.83,6.36,7.10
5.94,8.83,6.36,7.10
5.94,8.83,6.36,7.10
5.94,8.83,6.36,7.10
5.94,8.83,6.36,7.10
5.94,8.83,6.36,7.10
5.94,8.83,6.36,7.10
5.94,8.83,6.36,7.10
5.94,8.83,6.36,7.10
5.94,8.83,6.36,7.10
5.94,8.83,6.36,7.10
5.94,8.83,6.36,7.10
5.94,8.83,6.36,7.10
5.94,8.83,6.36,7.10
5.94,8.83,6.36,7.10
5.94,8.83,6.36,7.10
5.94,8.83,6.36,7.10
5.94,8.83,6.36,7.10
5.94,8.83,6.36,7.10
5.94,8.83,6.36,7.10
5.94,8.83,6.36,7.10
5.94,8.83,6.36,7.10
5.94,8.83,6.36,7.10
5.94,8.83,6.36,7.10
5.94,8.83,6.36,7.10
5.94,8.83,6.36,7.10
5.94,8.83,6.36,7.10
5.94,8.83,6.36,7.10
5.94,8.83,6.36,7.10
5.94,8.83,6.36,7.10
5.94,8.83,6.36,7.10
5.94,8.83,6.36,7.10
5.94,8.83,6.36,7.10
5.94,8.83,6.36,7.10
5.94,8.83,6.36,7.10
5.94,8.83,6.36,7.10
5.94,8.83,6.36,7.10
5.94,8.83,6.36,7.10
5.94,8.83,6.36,7.10
5.94,8.83,6.36,7.10
5.94,8.83,6.36,7.10
5.94,8.83,6.36,7.10
5.94,8.83,6.36,7.10
5.94,8.83,6.36,7.10
5.94,8.83,6.36,7.10
5.94,8.83,6.36,7.10
5.94,8.83,6.36,7.10
5.94,8.83,6.36,7.10
5.94,8.83,6.36,7.10
5.94,8.83,6.36,7.10
5.94,8.83,6.36,7.10
5.94,8.83,6.36,7.10
5.94,8.83,6.36,7.10
5.94,8.83,6.36,7.10
5.94,8.83,6.36,7.10
5.94,8.83,6.36,7.10
5.94,8.83,6.36,7.10
5.94,8.83,6.36,7.10
5.94,8.83,6.36,7.10
5.94,8.83,6.36,7.10
5.94,8.83,6.36,7.10
5.94,8.83,6.36,7.10
5.94,8.83,6.36,7.10
5.94,8.83,6.36,7.10
5.94,8.83,6.36,7.10
5.94,8.83,6.36,7.10
5.94,8.83,6.36,7.10
5.94,8.83,6.36,7.10
5.94,8.83,6.36,7.10
5.94,8.83,6.36,7.10
5.94,8.83,6.36,7.10
5.94,8.83,6.36,7.10
5.94,8.83,6.36,7.10
5.94,8.83,6.36,7.10
5.94,8.83,6.36,7.10
5.94,8.83,6.36,7.10
5.94,8.83,6.36,7.10
5.94,8.83,6.36,7.10
5.94,8.83,6.36,7.10
5.94,8.83,6.36,7.10
5.94,8.83,6.36,7.10
5.94,8.83,6.36,7.10
5.94,8.83,6.36,7.10
5.94,8.83,6.36,7.10
5.94,8.83,6.36,7.10
5.94,8.83,6.36,7.10
5.94,8.83,6.36,7.10
5.94,8.83,6.36,7.10
5.94,8.83,6.36,7.10
5.94,8.83,6.36,7.10
5.94,8.83,6.36,7.10
5.94,8.83,6.36,7.10
5.94,8.83,6.36,7.10
5.94,8.83,6.36,7.10
5.94,8.83,6.36,7.10
5.94,8.83,6.36,7.10
5.94,8.83,6.36,7.10
5.94,8.83,6.36,7.10
5.94,8.83,6.36,7.10
5.94,8.83,6.36,7.10
5.94,8.83,6.36,7.10
5.94,8.83,6.36,7.10
5.94,8.83,6.36,7.10
5.94,8.83,6.36,7.10
5.94,8.83,6.36,7.10
5.94,8.83,6.36,7.10
5.94,8.83,6.36,7.10
5.94,8.83,6.36,7.10
5.94,8.83,6.36,7.10
5.94,8.83,6.36,7.10
5.94,8.83,6.36,7.10
5.94,8.83,6.36,7.10
5.94,8.83,6.36,7.10
5.94,8.83,6.36,7.10
5.94,8.83,6.36,7.10
5.94,8.83,6.36,7.10
5.94,8.83,6.36,7.10
5.94,8.83,6.36,7.10
5.94,8.83,6.36,7.10
5.94,8.83,6.36,7.10
5.94,8.83,6.36,7.10
5.94,8.83,6.36,7.10
5.94,8.83,6.36,7.10
5.94,8.83,6.36,7.10
5.94,8.83,6.36,7.10
5.94,8.83,6.36,7.10
5.94,8.83,6.36,7.10
5.94,8.83,6.36,7.10
5.94,8.83,6.36,7.10
5.94,8.83,6.36,7.10
5.94,8.83,6.36,7.10
5.94,8.83,6.36,7.10
5.94,8.83,6.36,7.10
5.94,8.83,6.36,7.10
5.94,8.83,6.36,7.10
5.94,8.83,6.36,7.10
5.94,8.83,6.36,7.10
5.94,8.83,6.36,7.10
5.94,8.83,6.36,7.10
5.94,8.83,6.36,7.10
5.94,8.83,6.36,7.10
5.94,8.83,6.36,7.10
5.94,8.83,6.36,7.10
5.94,8.83,6.36,7.10
5.94,8.83,6.36,7.10
5.94,8.83,6.36,7.10
5.94,8.83,6.36,7.10
5.94,8.83,6.36,7.10
5.94,8.83,6.36,7.10
5.94,8.83,6.36,7.10
5.94,8.83,6.36,7.10
5.94,8.83,6.36,7.10
5.94,8.83,6.36,7.10
5.94,8.83,6.36,7.10
5.94,8.83,6.36,7.10
5.94,8.83,6.36,7.10
5.94,8.83,6.36,7.10
5.94,8.83,6.36,7.10
5.94,8.83,6.36,7.10
5.94,8.83,6.36,7.10
5.94,8.83,6.36,7.10
5.94,8.83,6.36,7.10
5.94,8.83,6.36,7.10
5.94,8.83,6.36,7.10
5.94,8.83,6.36,7.10
5.94,8.83,6.36,7.10
5.94,8.83,6.36,7.10
5.94,8.83,6.36,7.10
5.94,8.83,6.36,7.10
5.94,8.83,6.36,7.10
5.94,8.83,6.36,7.10
5.94,8.83,6.36,7.10
5.94,8.83,6.36,7.10
5.94,8.83,6.36,7.10
5.94,8.83,6.36,7.10
5.94,8.83,6.36,7.10
5.94,8.83,6.36,7.10
5.94,8.83,6.36,7.10
5.94,8.83,6.36,7.10
5.94,8.83,6.36,7.10
5.94,8.83,6.36,7.10
5.94,8.83,6.36,7.10
5.94,8.83,6.36,7.10
5.94,8.83,6.36,7.10
5.94,8.83,6.36,7.10
5.94,8.83,6.36,7.10
5.94,8.83,6.36,7.10
5.94,8.83,6.36,7.10
5.94,8.83,6.36,7.10
5.94,8.83,6.36,7.10
5.94,8.83,6.36,7.10
5.94,8.83,6.36,7.10
5.94,8.83,6.36,7.10
5.94,8.83,6.36,7.10
5.94,8.83,6.36,7.10
5.94,8.83,6.36,7.10
5.94,8.83,6.36,7.10
5.94,8.83,6.36,7.10
5.94,8.83,6.36,7.10
5.94,8.83,6.36,7.10
5.94,8.83,6.36,7.10
5.94,8.83,6.36,7.10
5.94,8.83,6.36,7.10
5.94,8.83,6.36,7.10
5.94,8.83,6.36,7.10
5.94,8.83,6.36,7.10
5.94,8.83,6.36,7.10
5.94,8.83,6.36,7.10
5.94,8.83,6.36,7.10
5.94,8.83,6.36,7.10
5.94,8.83,6.36,7.10
5.94,8.83,6.36,7.10
5.94,8.83,6.36,7.10
5.94,8.83,6.36,7.10
5.94,8.83,6.36,7.10
5.94,8.83,6.36,7.10
5.94,8.83,6.36,7.10
5.94,8.83,6.36,7.10
5.94,8.83,6.36,7.10
5.94,8.83,6.36,7.10
5.94,8.83,6.36,7.10
5.94,8.83,6.36,7.10
5.94,8.83,6.36,7.10
5.94,8.83,6.36,7.10
5.94,8.83,6.36,7.10
5.94,8.83,6.36,7.10
5.94,8.83,6.36,7.10
5.94,8.83,6.36,7.10
5.94,8.83,6.36,7.10
5.94,8.83,6.36,7.10
5.94,8.83,6.36,7.10
5.94,8.83,6.36,7.10
5.94,8.83,6.36,7.10
5.94,8.83,6.36,7.10
5.94,8.83,6.36,7.10
5.94,8.83,6.36,7.10
5.94,8.83,6.36,7.10
5.94,8.83,6.36,7.10
5.94,8.83,6.36,7.10
5.94,8.83,6.36,7.10
5.94,8.83,6.36,7.10
5.94,8.83,6.36,7.10
5.94,8.83,6.36,7.10
5.94,8.83,6.36,7.10
5.94,8.83,6.36,7.10
5.94,8.83,6.36,7.10
5.94,8.83,6.36,7.10
5.94,8.83,6.36,7.10
5.94,8.83,6.36,7.10
6.92,9.70,7.39,8.14
6.92,9.70,7.39,8.14
6.92,9.70,7.39,8.14
6.92,9.70,7.39,8.14
6.92,9.70,7.39,8.14
6.92,9.70,7.39,8.14
6.92,9.70,7.39,8.14
6.92,9.70,7.39,8.14
6.92,9.70,7.39,8.14
6.92,9.70,7.39,8.14
6.92,9.70,7.39,8.14
6.92,9.70,7.39,8.14
6.92,9.70,7.39,8.14
6.92,9.70,7.39,8.14
6.92,9.70,7.39,8.14
6.92,9.70,7.39,8.14
6.92,9.70,7.39,8.14
6.92,9.70,7.39,8.14
6.92,9.70,7.39,8.14
7.34,10.18,7.73,8.49
7.34,10.18,7.73,8.49
7.34,10.18,7.73,8.49
7.34,10.18,7.73,8.49
7.34,10.18,7.73,8.49
7.34,10.18,7.73,8.49
7.34,10.18,7.73,8.49
7.34,10.18,7.73,8.49
7.34,10.18,7.73,8.49
7.34,10.18,7.73,8.49
7.34,10.18,7.73,8.49
7.34,10.18,7.73,8.49
7.34,10.18,7.73,8.49
7.34,10.18,7.73,8.49
7.34,10.18,7.73,8.49
7.34,10.18,7.73,8.49
7.34,10.18,7.73,8.49
7.34,10.18,7.73,8.49
7.34,10.18,7.73,8.49
7.34,10.18,7.73,8.49
7.34,10.18,7.73,8.49
7.34,10.18,7.73,8.49
7.34,10.18,7.73,8.49
7.34,10.18,7.73,8.49
7.34,10.18,7.73,8.49
7.34,10.18,7.73,8.49
7.34,10.18,7.73,8.49
7.34,10.18,7.73,8.49
7.34,10.18,7.73,8.49
7.34,10.18,7.73,8.49
7.34,10.18,7.73,8.49
7.34,10.18,7.73,8.49
7.34,10.18,7.73,8.49
7.34,10.18,7.73,8.49
7.34,10.18,7.73,8.49
7.34,10.18,7.73,8.49
7.34,10.18,7.73,8.49
7.34,10.18,7.73,8.49
7.34,10.18,7.73,8.49
7.34,10.18,7.73,8.49
7.34,10.18,7.73,8.49
7.34,10.18,7.73,8.49
7.34,10.18,7.73,8.49
7.34,10.18,7.73,8.49
7.34,10.18,7.73,8.49
7.34,10.18,7.73,8.49
7.34,10.18,7.73,8.49
7.34,10.18,7.73,8.49
7.34,10.18,7.73,8.49
7.34,10.18,7.73,8.49
7.34,10.18,7.73,8.49
7.34,10.18,7.73,8.49
7.34,10.18,7.73,8.49
7.34,10.18,7.73,8.49
7.34,10.18,7.73,8.49
7.34,10.18,7.73,8.49
7.34,10.18,7.73,8.49
7.34,10.18,7.73,8.49
7.34,10.18,7.73,8.49
7.34,10.18,7.73,8.49
7.34,10.18,7.73,8.49
7.34,10.18,7.73,8.49
7.34,10.18,7.73,8.49
7.34,10.18,7.73,8.49
7.34,10.18,7.73,8.49
7.34,10.18,7.73,8.49
7.34,10.18,7.73,8.49
7.34,10.18,7.73,8.49
7.34,10.18,7.73,8.49
7.34,10.18,7.73,8.49
7.34,10.18,7.73,8.49
7.34,10.18,7.73,8.49
7.34,10.18,7.73,8.49
7.34,10.18,7.73,8.49
7.34,10.18,7.73,8.49
7.34,10.18,7.73,8.49
7.34,10.18,7.73,8.49
7.34,10.18,7.73,8.49
7.34,10.18,7.73,8.49
7.34,10.18,7.73,8.49
7.34,10.18,7.73,8.49
7.34,10.18,7.73,8.49
7.34,10.18,7.73,8.49
7.34,10.18,7.73,8.49
7.34,10.18,7.73,8.49
7.34,10.18,7.73,8.49
7.34,10.18,7.73,8.49
7.34,10.18,7.73,8.49
7.34,10.18,7.73,8.49
7.34,10.18,7.73,8.49
7.34,10.18,7.73,8.49
7.34,10.18,7.73,8.49
7.34,10.18,7.73,8.49
7.34,10.18,7.73,8.49
7.34,10.18,7.73,8.49
7.34,10.18,7.73,8.49
7.34,10.18,7.73,8.49
7.34,10.18,7.73,8.49
7.34,10.18,7.73,8.49
7.34,10.18,7.73,8.49
7.34,10.18,7.73,8.49
7.34,10.18,7.73,8.49
7.34,10.18,7.73,8.49
7.34,10.18,7.73,8.49
7.34,10.18,7.73,8.49
7.34,10.18,7.73,8.49
7.34,10.18,7.73,8.49
7.34,10.18,7.73,8.49
7.34,10.18,7.73,8.49
7.34,10.18,7.73,8.49
7.34,10.18,7.73,8.49
7.34,10.18,7.73,8.49
7.34,10.18,7.73,8.49
7.34,10.18,7.73,8.49
7.34,10.18,7.73,8.49
7.34,10.18,7.73,8.49
7.34,10.18,7.73,8.49
7.34,10.18,7.73,8.49
7.34,10.18,7.73,8.49
7.34,10.18,7.73,8.49
7.34,10.18,7.73,8.49
7.34,10.18,7.73,8.49
7.34,10.18,7.73,8.49
7.34,10.18,7.73,8.49
7.34,10.18,7.73,8.49
7.34,10.18,7.73,8.49
7.34,10.18,7.73,8.49
7.34,10.18,7.73,8.49
7.34,10.18,7.73,8.49
7.34,10.18,7.73,8.49
7.34,10.18,7.73,8.49
7.34,10.18,7.73,8.49
7.34,10.18,7.73,8.49
7.34,10.18,7.73,8.49
7.34,10.18,7.73,8.49
7.34,10.18,7.73,8.49
7.34,10.18,7.73,8.49
7.34,10.18,7.73,8.49
7.34,10.18,7.73,8.49
7.34,10.18,7.73,8.49
7.34,10.18,7.73,8.49
7.34,10.18,7.73,8.49
7.34,10.18,7.73,8.49
7.34,10.18,7.73,8.49
7.34,10.18,7.73,8.49
7.34,10.18,7.73,8.49
7.34,10.18,7.73,8.49
7.34,10.18,7.73,8.49
7.34,10.18,7.73,8.49
7.34,10.18,7.73,8.49
7.34,10.18,7.73,8.49
7.34,10.18,7.73,8.49
7.34,10.18,7.73,8.49
7.34,10.18,7.73,8.49
7.34,10.18,7.73,8.49
7.34,10.18,7.73,8.49
7.34,10.18,7.73,8.49
7.34,10.18,7.73,8.49
7.34,10.18,7.73,8.49
7.34,10.18,7.73,8.49
7.34,10.18,7.73,8.49
7.34,10.18,7.73,8.49
7.34,10.18,7.73,8.49
7.34,10.18,7.73,8.49
7.34,10.18,7.73,8.49
7.34,10.18,7.73,8.49
7.34,10.18,7.73,8.49
7.34,10.18,7.73,8.49
7.34,10.18,7.73,8.49
7.34,10.18,7.73,8.49
7.34,10.18,7.73,8.49
7.34,10.18,7.73,8.49
7.34,10.18,7.73,8.49
7.34,10.18,7.73,8.49
7.34,10.18,7.73,8.49
7.34,10.18,7.73,8.49
7.34,10.18,7.73,8.49
7.34,10.18,7.73,8.49
7.34,10.18,7.73,8.49
7.34,10.18,7.73,8.49
7.34,10.18,7.73,8.49
7.34,10.18,7.73,8.49
7.34,10.18,7.73,8.49
7.34,10.18,7.73,8.49
7.34,10.18,7.73,8.49
7.34,10.18,7.73,8.49
7.34,10.18,7.73,8.49
7.34,10.18,7.73,8.49
7.34,10.18,7.73,8.49
7.34,10.18,7.73,8.49
7.34,10.18,7.73,8.49
7.34,10.18,7.73,8.49
7.34,10.18,7.73,8.49
7.34,10.18,7.73,8.49
7.34,10.18,7.73,8.49
7.34,10.18,7.73,8.49
7.34,10.18,7.73,8.49
7.34,10.18,7.73,8.49
7.34,10.18,7.73,8.49
7.34,10.18,7.73,8.49
7.34,10.18,7.73,8.49
7.34,10.18,7.73,8.49
7.34,10.18,7.73,8.49
7.34,10.18,7.73,8.49
7.34,10.18,7.73,8.49
7.34,10.18,7.73,8.49
7.34,10.18,7.73,8.49
7.34,10.18,7.73,8.49
7.34,10.18,7.73,8.49
7.34,10.18,7.73,8.49
7.34,10.18,7.73,8.49
7.34,10.18,7.73,8.49
7.34,10.18,7.73,8.49
7.34,10.18,7.73,8.49
7.34,10.18,7.73,8.49
7.34,10.18,7.73,8.49
7.34,10.18,7.73,8.49
7.34,10.18,7.73,8.49
7.34,10.18,7.73,8.49
7.34,10.18,7.73,8.49
7.34,10.18,7.73,8.49
7.34,10.18,7.73,8.49
7.34,10.18,7.73,8.49
7.34,10.18,7.73,8.49
7.34,10.18,7.73,8.49
7.34,10.18,7.73,8.49
7.34,10.18,7.73,8.49
7.34,10.18,7.73,8.49
7.34,10.18,7.73,8.49
7.34,10.18,7.73,8.49
7.34,10.18,7.73,8.49
7.34,10.18,7.73,8.49
7.34,10.18,7.73,8.49
7.34,10.18,7.73,8.49
7.34,10.18,7.73,8.49
7.34,10.18,7.73,8.49
7.34,10.18,7.73,8.49
7.34,10.18,7.73,8.49
7.34,10.18,7.73,8.49
7.34,10.18,7.73,8.49
7.34,10.18,7.73,8.49
7.34,10.18,7.73,8.49
7.34,10.18,7.73,8.49
7.34,10.18,7.73,8.49
7.34,10.18,7.73,8.49
7.34,10.18,7.73,8.49
7.34,10.18,7.73,8.49
7.34,10.18,7.73,8.49
7.34,10.18,7.73,8.49
7.34,10.18,7.73,8.49
7.34,10.18,7.73,8.49
7.34,10.18,7.73,8.49
7.34,10.18,7.73,8.49
7.34,10.18,7.73,8.49
7.34,10.18,7.73,8.49
7.34,10.18,7.73,8.49
7.34,10.18,7.73,8.49
7.34,10.18,7.73,8.49
7.34,10.18,7.73,8.49
7.34,10.18,7.73,8.49
7.34,10.18,7.73,8.49
7.34,10.18,7.73,8.49
7.34,10.18,7.73,8.49
7.34,10.18,7.73,8.49
7.34,10.18,7.73,8.49
7.34,10.18,7.73,8.49
7.34,10.18,7.73,8.49
7.34,10.18,7.73,8.49
7.34,10.18,7.73,8.49
7.34,10.18,7.73,8.49
7.34,10.18,7.73,8.49
7.34,10.18,7.73,8.49
7.34,10.18,7.73,8.49
7.34,10.18,7.73,8.49
7.34,10.18,7.73,8.49
7.34,10.18,7.73,8.49
7.34,10.18,7.73,8.49
7.34,10.18,7.73,8.49
7.34,10.18,7.73,8.49
7.34,10.18,7.73,8.49
7.34,10.18,7.73,8.49
7.34,10.18,7.73,8.49
8.31,11.06,8.74,9.50
8.31,11.06,8.74,9.50
8.31,11.06,8.74,9.50
8.31,11.06,8.74,9.50
8.31,11.06,8.74,9.50
8.31,11.06,8.74,9.50
8.31,11.06,8.74,9.50
8.31,11.06,8.74,9.50
8.31,11.06,8.74,9.50
8.31,11.06,8.74,9.50
8.31,11.06,8.74,9.50
8.31,11.06,8.74,9.50
8.31,11.06,8.74,9.50
8.31,11.06,8.74,9.50
8.31,11.06,8.74,9.50
8.31,11.06,8.74,9.50
8.31,11.06,8.74,9.50
8.31,11.06,8.74,9.50
8.31,11.06,8.74,9.50
8.31,11.06,8.74,9.50
8.31,11.06,8.74,9.50
8.31,11.06,8.74,9.50
8.31,11.06,8.74,9.50
8.31,11.06,8.74,9.50
8.31,11.06,8.74,9.50
8.31,11.06,8.74,9.50
8.31,11.06,8.74,9.50
8.31,11.06,8.74,9.50
8.31,11.06,8.74,9.50
8.31,11.06,8.74,9.50
8.31,11.06,8.74,9.50
8.31,11.06,8.74,9.50
8.31,11.06,8.74,9.50
8.31,11.06,8.74,9.50
8.31,11.06,8.74,9.50
8.75,11.56,9.13,9.89
8.75,11.56,9.13,9.89
8.75,11.56,9.13,9.89
8.75,11.56,9.13,9.89
8.75,11.56,9.13,9.89
8.75,11.56,9.13,9.89
8.75,11.56,9.13,9.89
8.75,11.56,9.13,9.89
8.75,11.56,9.13,9.89
8.75,11.56,9.13,9.89
8.75,11.56,9.13,9.89
8.75,11.56,9.13,9.89
8.75,11.56,9.13,9.89
8.75,11.56,9.13,9.89
8.75,11.56,9.13,9.89
8.75,11.56,9.13,9.89
8.75,11.56,9.13,9.89
8.75,11.56,9.13,9.89
8.75,11.56,9.13,9.89
8.75,11.56,9.13,9.89
8.75,11.56,9.13,9.89
8.75,11.56,9.13,9.89
8.75,11.56,9.13,9.89
8.75,11.56,9.13,9.89
8.75,11.56,9.13,9.89
8.75,11.56,9.13,9.89
8.75,11.56,9.13,9.89
8.75,11.56,9.13,9.89
8.75,11.56,9.13,9.89
14.15,16.96,14.45,15.21
